"feature_id","area","feature","source_product_status","source_verification","source_priority","source_acceptance_target","consolidated_classification","access_project_treatment","decision_dependencies","implementation_evidence_state","code_evidence","test_evidence","deployment_evidence","production_verification","baseline_coverage","gaps_and_limits","inspected_commit","observation_date_utc","phase_implementation","phase_evidence","phase_limits","phase_revision"
"STO-01","Storefront and checkout","Mobile-first storefront","Reported live","Production/repo unverified","P1","Usable at common phone widths without horizontal scroll; core actions reachable one-handed.","OWNER-HISTORY","Inspect; preserve existing behavior; no implementation expansion from this row.","","TESTED","app/pilot.tsx; app/globals.css; app/store/experience.css","CI:ui-contracts,experience-http","DEP-01 main; DEP-02 for guest gear. Build logs match active Worker version IDs and base commit. Feature activation/data not read.","NOT_VERIFIED: no member/admin transaction, live record read, real-device ceremony or live capacity test.","PARTIAL","Responsive implementation inspected; no authenticated real-phone or one-handed usability test.","3357cad7bfe8e7ae50475718e8542e9fba83933f","2026-09-21","PRESERVED / CI PASSED","Existing application suites passed on identity candidate.","Live feature use not inferred from synthetic regression.","PR #17; current release evidence"
"STO-02","Storefront and checkout","Product catalog with prices","Reported live","User reported prices entered","P1","Only active products display; server is source of price.","REPORTED","Inspect; preserve existing behavior; no implementation expansion from this row.","","TESTED","lib/pilot/catalog.ts; lib/pilot/orders.ts; lib/pilot/service.ts","L:pilot,beta","DEP-01 main; DEP-02 for guest gear. Build logs match active Worker version IDs and base commit. Feature activation/data not read.","NOT_VERIFIED: no member/admin transaction, live record read, real-device ceremony or live capacity test.","IMPLEMENTED","Active catalog and authoritative prices tested with fixtures; live catalog/settings not read.","3357cad7bfe8e7ae50475718e8542e9fba83933f","2026-09-21","PRESERVED / CI PASSED","Existing application suites passed on identity candidate.","Live feature use not inferred from synthetic regression.","PR #17; current release evidence"
"STO-03","Storefront and checkout","Product categories","Accepted design","Unverified","P2","Member can filter/browse practical categories.","PROPOSED","Inspect; preserve existing behavior; no implementation expansion from this row.","","TESTED","app/pilot.tsx; lib/pilot/catalog.ts; lib/pilot/access.ts","L:pilot,beta","DEP-01 main; DEP-02 for guest gear. Build logs match active Worker version IDs and base commit. Feature activation/data not read.","NOT_VERIFIED: no member/admin transaction, live record read, real-device ceremony or live capacity test.","IMPLEMENTED","Category and shop filtering present; production category values not read.","3357cad7bfe8e7ae50475718e8542e9fba83933f","2026-09-21","PRESERVED / CI PASSED","Existing application suites passed on identity candidate.","Live feature use not inferred from synthetic regression.","PR #17; current release evidence"
"STO-04","Storefront and checkout","Product images","Accepted design","Unverified","P3","Optional images have accessible alt behavior and do not block checkout.","PROPOSED","Inspect; preserve existing behavior; no implementation expansion from this row.","","TESTED","app/api/product-images/route.ts; app/products/[id]/product-page.tsx","CI:image-parsers,experience-http","DEP-01 main; DEP-02 for guest gear. Build logs match active Worker version IDs and base commit. Feature activation/data not read.","NOT_VERIFIED: no member/admin transaction, live record read, real-device ceremony or live capacity test.","PARTIAL","Authorized media and image UI present; current device accessibility not verified.","3357cad7bfe8e7ae50475718e8542e9fba83933f","2026-09-21","PRESERVED / CI PASSED","Existing application suites passed on identity candidate.","Live feature use not inferred from synthetic regression.","PR #17; current release evidence"
"STO-05","Storefront and checkout","Cart add/remove/quantity","Reported partial","Earlier checkout-opening issue; current state unknown","P1","Quantity changes are clear and total recalculates server-side at submit.","REPORTED","Inspect; preserve existing behavior; no implementation expansion from this row.","","TESTED","lib/pilot/cart.ts; app/store/bag-items.tsx; lib/pilot/orders.ts","L:pilot,beta","DEP-01 main; DEP-02 for guest gear. Build logs match active Worker version IDs and base commit. Feature activation/data not read.","NOT_VERIFIED: no member/admin transaction, live record read, real-device ceremony or live capacity test.","IMPLEMENTED","Cart and server-side totals covered; live checkout intentionally not exercised.","3357cad7bfe8e7ae50475718e8542e9fba83933f","2026-09-21","PRESERVED / CI PASSED","Existing application suites passed on identity candidate.","Live feature use not inferred from synthetic regression.","PR #17; current release evidence"
"STO-06","Storefront and checkout","Checkout flow","Reported partial","Limited beta reported; no production evidence","P0","Creates one order, applies inventory once, and shows explicit settlement state.","REPORTED","Inspect; preserve existing behavior; no implementation expansion from this row.","","TESTED","lib/pilot/orders.ts; lib/pilot/operation.ts; app/store/checkout.tsx","L:pilot,beta,rounds-1-2","DEP-01 main; DEP-02 for guest gear. Build logs match active Worker version IDs and base commit. Feature activation/data not read.","NOT_VERIFIED: no member/admin transaction, live record read, real-device ceremony or live capacity test.","IMPLEMENTED","Atomic stock/order/idempotency behavior tested locally; no production order created.","3357cad7bfe8e7ae50475718e8542e9fba83933f","2026-09-21","PRESERVED / CI PASSED","Existing application suites passed on identity candidate.","Live feature use not inferred from synthetic regression.","PR #17; current release evidence"
"STO-07","Storefront and checkout","Purchase confirmation","Accepted design","Unverified","P1","Never says paid unless payment is authoritative; shows order reference and next step.","PROPOSED","Inspect; preserve existing behavior; no implementation expansion from this row.","","TESTED","app/store/checkout.tsx; app/store/payment-forms.tsx; lib/pilot/transactions.ts","L:rounds-1-2; CI:payment-handoff","DEP-01 main; DEP-02 for guest gear. Build logs match active Worker version IDs and base commit. Feature activation/data not read.","NOT_VERIFIED: no member/admin transaction, live record read, real-device ceremony or live capacity test.","IMPLEMENTED","Pending payment is distinct from receipt/confirmation; phone wording not personally validated.","3357cad7bfe8e7ae50475718e8542e9fba83933f","2026-09-21","PRESERVED / CI PASSED","Existing application suites passed on identity candidate.","Live feature use not inferred from synthetic regression.","PR #17; current release evidence"
"STO-08","Storefront and checkout","No-account snack access","Earlier requirement","Conflicts with later gated-member model; decision required","P1","Owner chooses anonymous checkout or authenticated member checkout and documents exception paths.","UNKNOWN","Earlier no-login requirement conflicts with later controlled membership. No new anonymous exception; audit current behavior.","D-17","INSPECTED_NOT_FOUND","app/page.tsx; app/api/pilot/route.ts; lib/pilot/access.ts","L:pilot,http-security; CI:security","Baseline inspection at DEP-01/DEP-02; no claim this target is deployed. See BASELINE-EVIDENCE-2026-09-21.md.","NOT_VERIFIED: no member/admin transaction, live record read, real-device ceremony or live capacity test.","NOT_IMPLEMENTED","Anonymous snack checkout is absent; current member gate aligns with proposed D-17. Gear is a separate audience.","3357cad7bfe8e7ae50475718e8542e9fba83933f","2026-09-21","PRESERVED / CI PASSED","Existing application suites passed on identity candidate.","Live feature use not inferred from synthetic regression.","PR #17; current release evidence"
"STO-09","Storefront and checkout","QR entry point","Accepted design","Physical signage/deep link unverified","P2","One QR code opens the production storefront safely.","OWNER-HISTORY","Inspect; preserve existing behavior; no implementation expansion from this row.","","OBSERVED_IN_CODE","app/store/install-guide.tsx; README.md; production apex route","None","Baseline inspection at DEP-01/DEP-02; no claim this target is deployed. See BASELINE-EVIDENCE-2026-09-21.md.","NOT_VERIFIED: no member/admin transaction, live record read, real-device ceremony or live capacity test.","UNKNOWN","Home-screen guidance exists; no deployed physical entry QR or posted destination inspected.","3357cad7bfe8e7ae50475718e8542e9fba83933f","2026-09-21","PRESERVED / CI PASSED","Existing application suites passed on identity candidate.","Live feature use not inferred from synthetic regression.","PR #17; current release evidence"
"STO-10","Storefront and checkout","Search and fast product selection","Proposed","Unverified","P2","Common items can be found in a few taps.","PROPOSED","Inspect; preserve existing behavior; no implementation expansion from this row.","","TESTED","app/pilot.tsx; app/store/experience.css","CI:ui-contracts","DEP-01 main; DEP-02 for guest gear. Build logs match active Worker version IDs and base commit. Feature activation/data not read.","NOT_VERIFIED: no member/admin transaction, live record read, real-device ceremony or live capacity test.","PARTIAL","Search/category controls present; common-item tap count not measured.","3357cad7bfe8e7ae50475718e8542e9fba83933f","2026-09-21","PRESERVED / CI PASSED","Existing application suites passed on identity candidate.","Live feature use not inferred from synthetic regression.","PR #17; current release evidence"
"STO-11","Storefront and checkout","UPC camera scan","Future","Not implemented/verified","P3","Browser scan resolves active UPC, handles permission/errors, and never trusts client price.","DEFERRED","Outside identity scope; requires a separate work order and decisions.","","INSPECTED_NOT_FOUND","app/pilot.tsx; lib/pilot/catalog.ts; package.json","None","Baseline inspection at DEP-01/DEP-02; no claim this target is deployed. See BASELINE-EVIDENCE-2026-09-21.md.","NOT_VERIFIED: no member/admin transaction, live record read, real-device ceremony or live capacity test.","NOT_IMPLEMENTED","No camera barcode/UPC workflow found; deferred feature remains outside identity work.","3357cad7bfe8e7ae50475718e8542e9fba83933f","2026-09-21","PRESERVED / CI PASSED","Existing application suites passed on identity candidate.","Live feature use not inferred from synthetic regression.","PR #17; current release evidence"
"STO-12","Storefront and checkout","Empty/loading/error states","Required","Unverified","P1","Every storefront state gives a clear recovery path without duplicate submission.","PROPOSED","Inspect; preserve existing behavior; no implementation expansion from this row.","","TESTED","app/pilot.tsx; app/store/checkout.tsx; lib/pilot/operation.ts","L:pilot,beta; CI:ui-contracts","DEP-01 main; DEP-02 for guest gear. Build logs match active Worker version IDs and base commit. Feature activation/data not read.","NOT_VERIFIED: no member/admin transaction, live record read, real-device ceremony or live capacity test.","PARTIAL","Busy/error/empty and retry behavior exists; exhaustive accessible state walkthrough not run.","3357cad7bfe8e7ae50475718e8542e9fba83933f","2026-09-21","PRESERVED / CI PASSED","Existing application suites passed on identity candidate.","Live feature use not inferred from synthetic regression.","PR #17; current release evidence"
"INV-01","Inventory and catalog administration","Admin product create/edit","Reported live","User entered inventory/prices; repo unverified","P1","Authorized admins manage SKU, name, category, cost, price, stock rules, active state.","REPORTED","Inspect; preserve existing behavior; no implementation expansion from this row.","","TESTED","lib/pilot/service.ts product action; lib/pilot/products.ts; app/store/gear-manager.tsx","L:pilot,beta","DEP-01 main; DEP-02 for guest gear. Build logs match active Worker version IDs and base commit. Feature activation/data not read.","NOT_VERIFIED: no member/admin transaction, live record read, real-device ceremony or live capacity test.","PARTIAL","Core product administration present; SKU/UPC identifier model not found.","3357cad7bfe8e7ae50475718e8542e9fba83933f","2026-09-21","PRESERVED / CI PASSED","Existing application suites passed on identity candidate.","Live feature use not inferred from synthetic regression.","PR #17; current release evidence"
"INV-02","Inventory and catalog administration","Active/inactive products","Accepted design","Unverified","P1","Inactive products cannot be newly purchased but remain in history.","PROPOSED","Inspect; preserve existing behavior; no implementation expansion from this row.","","TESTED","lib/pilot/products.ts; lib/pilot/catalog.ts; lib/pilot/orders.ts","L:beta","DEP-01 main; DEP-02 for guest gear. Build logs match active Worker version IDs and base commit. Feature activation/data not read.","NOT_VERIFIED: no member/admin transaction, live record read, real-device ceremony or live capacity test.","IMPLEMENTED","Archive/active guards preserve historical orders.","3357cad7bfe8e7ae50475718e8542e9fba83933f","2026-09-21","PRESERVED / CI PASSED","Existing application suites passed on identity candidate.","Live feature use not inferred from synthetic regression.","PR #17; current release evidence"
"INV-03","Inventory and catalog administration","Quantity on hand","Reported live","Values reportedly entered; ledger behavior unverified","P0","Quantity derives/reconciles from auditable movements.","REPORTED","Inspect; preserve existing behavior; no implementation expansion from this row.","","TESTED","lib/pilot/orders.ts; lib/pilot/gear.ts; lib/pilot/autopilot.ts","L:beta,rounds-5-7","DEP-01 main; DEP-02 for guest gear. Build logs match active Worker version IDs and base commit. Feature activation/data not read.","NOT_VERIFIED: no member/admin transaction, live record read, real-device ceremony or live capacity test.","PARTIAL","Transactional quantities and movement/count records present; production stock-to-movement reconciliation not performed.","3357cad7bfe8e7ae50475718e8542e9fba83933f","2026-09-21","PRESERVED / CI PASSED","Existing application suites passed on identity candidate.","Live feature use not inferred from synthetic regression.","PR #17; current release evidence"
"INV-04","Inventory and catalog administration","Sale inventory deduction","Reported partial","Transaction atomicity unverified","P0","One qualifying checkout causes exactly one movement.","REPORTED","Inspect; preserve existing behavior; no implementation expansion from this row.","","TESTED","lib/pilot/orders.ts; lib/pilot/operation.ts","L:pilot,beta,rounds-1-2","DEP-01 main; DEP-02 for guest gear. Build logs match active Worker version IDs and base commit. Feature activation/data not read.","NOT_VERIFIED: no member/admin transaction, live record read, real-device ceremony or live capacity test.","IMPLEMENTED","Transactional guards prevent duplicate deductions; real stock untouched.","3357cad7bfe8e7ae50475718e8542e9fba83933f","2026-09-21","PRESERVED / CI PASSED","Existing application suites passed on identity candidate.","Live feature use not inferred from synthetic regression.","PR #17; current release evidence"
"INV-05","Inventory and catalog administration","Restock entry","Accepted design","Unverified","P1","Admin records quantity, cost/source if used, reason, and actor.","PROPOSED","Inspect; preserve existing behavior; no implementation expansion from this row.","","TESTED","lib/pilot/gear.ts; lib/pilot/autopilot.ts; app/store/cost-inputs.tsx","L:beta,rounds-5-7","DEP-01 main; DEP-02 for guest gear. Build logs match active Worker version IDs and base commit. Feature activation/data not read.","NOT_VERIFIED: no member/admin transaction, live record read, real-device ceremony or live capacity test.","IMPLEMENTED","Receipt quantities and landed costs recorded; live receipt data not inspected.","3357cad7bfe8e7ae50475718e8542e9fba83933f","2026-09-21","PRESERVED / CI PASSED","Existing application suites passed on identity candidate.","Live feature use not inferred from synthetic regression.","PR #17; current release evidence"
"INV-06","Inventory and catalog administration","Manual adjustment and count","Accepted design","Unverified","P1","Adjustment requires reason and preserves before/after evidence.","PROPOSED","Inspect; preserve existing behavior; no implementation expansion from this row.","","TESTED","lib/pilot/autopilot.ts; lib/pilot/gear.ts; lib/pilot/service.ts","L:beta,rounds-5-7","DEP-01 main; DEP-02 for guest gear. Build logs match active Worker version IDs and base commit. Feature activation/data not read.","NOT_VERIFIED: no member/admin transaction, live record read, real-device ceremony or live capacity test.","IMPLEMENTED","Reasoned stock/count adjustments and guards present.","3357cad7bfe8e7ae50475718e8542e9fba83933f","2026-09-21","PRESERVED / CI PASSED","Existing application suites passed on identity candidate.","Live feature use not inferred from synthetic regression.","PR #17; current release evidence"
"INV-07","Inventory and catalog administration","Reorder threshold","Proposed","Unverified","P2","Admin can set threshold and see low-stock list.","PROPOSED","Inspect; preserve existing behavior; no implementation expansion from this row.","","TESTED","lib/pilot/service.ts product action; lib/pilot/autopilot.ts","L:pilot,rounds-5-7","DEP-01 main; DEP-02 for guest gear. Build logs match active Worker version IDs and base commit. Feature activation/data not read.","NOT_VERIFIED: no member/admin transaction, live record read, real-device ceremony or live capacity test.","IMPLEMENTED","Per-product reorder threshold and low-stock data present.","3357cad7bfe8e7ae50475718e8542e9fba83933f","2026-09-21","PRESERVED / CI PASSED","Existing application suites passed on identity candidate.","Live feature use not inferred from synthetic regression.","PR #17; current release evidence"
"INV-08","Inventory and catalog administration","Target stock level","Future","Unverified","P3","Reorder suggestion distinguishes threshold from desired level.","PROPOSED","Inspect; preserve existing behavior; no implementation expansion from this row.","","TESTED","lib/pilot/autopilot.ts; app/store/inventory-autopilot.tsx","L:rounds-5-7","DEP-01 main; DEP-02 for guest gear. Build logs match active Worker version IDs and base commit. Feature activation/data not read.","NOT_VERIFIED: no member/admin transaction, live record read, real-device ceremony or live capacity test.","IMPLEMENTED","Velocity/lead-time/target-day suggestions exist; live policy values not verified.","3357cad7bfe8e7ae50475718e8542e9fba83933f","2026-09-21","PRESERVED / CI PASSED","Existing application suites passed on identity candidate.","Live feature use not inferred from synthetic regression.","PR #17; current release evidence"
"INV-09","Inventory and catalog administration","Cost of goods and margin","Proposed","Unverified","P2","Uses historical cost policy documented by owner; never rewrites closed orders.","PROPOSED","Inspect; preserve existing behavior; no implementation expansion from this row.","","TESTED","lib/pilot/pricing.ts; lib/pilot/history.ts; lib/pilot/gear.ts","L:beta","DEP-01 main; DEP-02 for guest gear. Build logs match active Worker version IDs and base commit. Feature activation/data not read.","NOT_VERIFIED: no member/admin transaction, live record read, real-device ceremony or live capacity test.","PARTIAL","Historical cost snapshots and unknown-cost handling present; owner cost policy remains E-08.","3357cad7bfe8e7ae50475718e8542e9fba83933f","2026-09-21","PRESERVED / CI PASSED","Existing application suites passed on identity candidate.","Live feature use not inferred from synthetic regression.","PR #17; current release evidence"
"INV-10","Inventory and catalog administration","Shrink tracking","Proposed","Unverified","P2","Physical count variance becomes an auditable adjustment/report.","PROPOSED","Inspect; preserve existing behavior; no implementation expansion from this row.","","TESTED","lib/pilot/autopilot.ts; AUTOPILOT-SCHEMA.sql","L:rounds-5-7","DEP-01 main; DEP-02 for guest gear. Build logs match active Worker version IDs and base commit. Feature activation/data not read.","NOT_VERIFIED: no member/admin transaction, live record read, real-device ceremony or live capacity test.","IMPLEMENTED","Count sessions and variance/shrink adjustments tested with synthetic stock.","3357cad7bfe8e7ae50475718e8542e9fba83933f","2026-09-21","PRESERVED / CI PASSED","Existing application suites passed on identity candidate.","Live feature use not inferred from synthetic regression.","PR #17; current release evidence"
"INV-11","Inventory and catalog administration","SKU and UPC/GTIN","Future/accepted target","Unverified","P3","Unique identifiers validate format and support scan flow.","PROPOSED","Inspect; preserve existing behavior; no implementation expansion from this row.","","INSPECTED_NOT_FOUND","drizzle/0000_tiny_shape.sql; PRODUCT-SCHEMA.sql; lib/pilot/products.ts","None","Baseline inspection at DEP-01/DEP-02; no claim this target is deployed. See BASELINE-EVIDENCE-2026-09-21.md.","NOT_VERIFIED: no member/admin transaction, live record read, real-device ceremony or live capacity test.","NOT_IMPLEMENTED","No unique SKU/UPC/GTIN field or scan integration found.","3357cad7bfe8e7ae50475718e8542e9fba83933f","2026-09-21","PRESERVED / CI PASSED","Existing application suites passed on identity candidate.","Live feature use not inferred from synthetic regression.","PR #17; current release evidence"
"INV-12","Inventory and catalog administration","Supplier metadata","Future","Unverified","P3","Optional supplier data does not expose personal accounts.","PROPOSED","Inspect; preserve existing behavior; no implementation expansion from this row.","","TESTED","lib/pilot/autopilot.ts; AUTOPILOT-SCHEMA.sql; app/store/inventory-autopilot.tsx","L:rounds-5-7","DEP-01 main; DEP-02 for guest gear. Build logs match active Worker version IDs and base commit. Feature activation/data not read.","NOT_VERIFIED: no member/admin transaction, live record read, real-device ceremony or live capacity test.","PARTIAL","Vendor/pack/lead-time metadata exists; actual supplier data/privacy not inspected.","3357cad7bfe8e7ae50475718e8542e9fba83933f","2026-09-21","PRESERVED / CI PASSED","Existing application suites passed on identity candidate.","Live feature use not inferred from synthetic regression.","PR #17; current release evidence"
"IAM-01","Identity, access, and member accounts","Site access gate","Reported live","Prior audit requested; current enforcement unverified","P0","No protected page or API data is available before valid authentication/authorization.","REPORTED","Inspect; preserve existing behavior; no implementation expansion from this row.","","TESTED","app/auth.ts; app/page.tsx; lib/auth/session.ts; app/api/pilot/route.ts","L:pilot,http-security; CI:auth-integration,security","DEP-01 main; DEP-02 for guest gear. Build logs match active Worker version IDs and base commit. Feature activation/data not read.","Unauthenticated /api/pilot HEAD 401; /login browser shows legacy login. No authenticated production tests.","IMPLEMENTED","Unauthenticated production /api/pilot returned 401; Pages publishes source separately (F-01).","3357cad7bfe8e7ae50475718e8542e9fba83933f","2026-09-21","PRESERVED / CI PASSED","Existing application suites passed on identity candidate.","Live feature use not inferred from synthetic regression.","PR #17; current release evidence"
"IAM-02","Identity, access, and member accounts","Google identity login","Reported live for admins","Identity-provider behavior unverified","P0","Approved identities can sign in; failure and logout are safe and clear.","REPORTED","Inspect; preserve existing behavior; no implementation expansion from this row.","","INSPECTED_NOT_FOUND","app/api/auth/route.ts; app/login/page.tsx; lib/security/admin-access.ts","CI:auth-integration","Baseline inspection at DEP-01/DEP-02; no claim this target is deployed. See BASELINE-EVIDENCE-2026-09-21.md.","NOT_VERIFIED: no member/admin transaction, live record read, real-device ceremony or live capacity test.","NOT_IMPLEMENTED","Google is configured for administrator Access only; no Google member OIDC login.","3357cad7bfe8e7ae50475718e8542e9fba83933f","2026-09-21","IMPLEMENTED / MOCK-ONLY","lib/identity; IDENTITY-SCHEMA.sql; identity and protocol/HTTP suites; current acceptance CSV.","Real provider, device and administrator rollout checks pending.","PR #17; current release evidence"
"IAM-03","Identity, access, and member accounts","Email-code member login","Desired","Prior OTP delivery failed; implementation unknown","P1","Codes are rate-limited, short-lived, single-use, and bound to approved email.","DEFERRED","Do not introduce email OTP/new password enrollment. Audit and preserve necessary legacy path only until reviewed retirement.","","INSPECTED_NOT_FOUND","app/api/auth/route.ts; AUTH-SCHEMA.sql","CI:auth-integration","Baseline inspection at DEP-01/DEP-02; no claim this target is deployed. See BASELINE-EVIDENCE-2026-09-21.md.","NOT_VERIFIED: no member/admin transaction, live record read, real-device ceremony or live capacity test.","NOT_IMPLEMENTED","Manual setup/recovery codes establish passwords; no emailed one-time-code member sign-in.","3357cad7bfe8e7ae50475718e8542e9fba83933f","2026-09-21","PRESERVED / CI PASSED","Existing application suites passed on identity candidate.","Live feature use not inferred from synthetic regression.","PR #17; current release evidence"
"IAM-04","Identity, access, and member accounts","Email allowlist","Accepted design","Production completeness unverified","P0","Default deny; normalized exact identity match; auditable add/remove.","PROPOSED","Separate contact email, one-use provider-scoped bootstrap grants, stable linked identities, and revocation.","D-11,D-12,D-13","TESTED","lib/pilot/service.ts identity/member actions; lib/auth/session.ts","L:pilot; CI:auth-integration","DEP-01 main; DEP-02 for guest gear. Build logs match active Worker version IDs and base commit. Feature activation/data not read.","NOT_VERIFIED: no member/admin transaction, live record read, real-device ceremony or live capacity test.","PARTIAL","Active approved email gate exists; whole-email lowercase and lazy email fallback conflict with new bootstrap design (D-12/D-13).","3357cad7bfe8e7ae50475718e8542e9fba83933f","2026-09-21","PRESERVED / CI PASSED","Existing application suites passed on identity candidate.","Live feature use not inferred from synthetic regression.","PR #17; current release evidence"
"IAM-05","Identity, access, and member accounts","Preassigned member password option","Considered","Decision unresolved","P1","Do not implement until owner chooses it and password lifecycle is designed.","DEFERRED","Do not introduce email OTP/new password enrollment. Audit and preserve necessary legacy path only until reviewed retirement.","","INSPECTED_NOT_FOUND","app/api/auth/route.ts completeSetup; lib/auth/password.ts","CI:auth-integration","Baseline inspection at DEP-01/DEP-02; no claim this target is deployed. See BASELINE-EVIDENCE-2026-09-21.md.","NOT_VERIFIED: no member/admin transaction, live record read, real-device ceremony or live capacity test.","EXCLUDED","Administrator-issued setup code lets member choose password; preassigned shared/member passwords not found or authorized.","3357cad7bfe8e7ae50475718e8542e9fba83933f","2026-09-21","PRESERVED / CI PASSED","Existing application suites passed on identity candidate.","Live feature use not inferred from synthetic regression.","PR #17; current release evidence"
"IAM-06","Identity, access, and member accounts","Persistent sessions","Accepted design","Unverified","P1","Secure cookie, rotation, expiry, revocation, logout, and stolen-session response.","OWNER-HISTORY","Inspect; preserve existing behavior; no implementation expansion from this row.","D-05","TESTED","lib/auth/session.ts; AUTH-SCHEMA.sql; app/api/auth/route.ts","CI:auth-integration,security,hardening","DEP-01 main; DEP-02 for guest gear. Build logs match active Worker version IDs and base commit. Feature activation/data not read.","NOT_VERIFIED: no member/admin transaction, live record read, real-device ceremony or live capacity test.","PARTIAL","7d/30d member and 30m/12h admin sessions; no new provenance/epoch or general rotation flow. D-05/D-10 remain proposals.","3357cad7bfe8e7ae50475718e8542e9fba83933f","2026-09-21","PRESERVED / CI PASSED","Existing application suites passed on identity candidate.","Live feature use not inferred from synthetic regression.","PR #17; current release evidence"
"IAM-07","Identity, access, and member accounts","Owner role","Reported live","Owner identity reportedly updated; repo unverified","P0","Owner-only actions are server-enforced and audited.","REPORTED","Inspect; preserve existing behavior; no implementation expansion from this row.","D-06,D-10,E-03","TESTED","lib/pilot/owner.ts; lib/pilot/service.ts; lib/pilot/email-changes.ts","L:pilot,rounds-5-7","DEP-01 main; DEP-02 for guest gear. Build logs match active Worker version IDs and base commit. Feature activation/data not read.","NOT_VERIFIED: no member/admin transaction, live record read, real-device ceremony or live capacity test.","PARTIAL","Owner-only role changes and last-owner protection exist; owner identity remains environment-email based.","3357cad7bfe8e7ae50475718e8542e9fba83933f","2026-09-21","PRESERVED / CI PASSED","Existing application suites passed on identity candidate.","Live feature use not inferred from synthetic regression.","PR #17; current release evidence"
"IAM-08","Identity, access, and member accounts","Admin role","Reported live","Role boundaries unverified","P0","Admin capabilities match documented matrix and cannot grant owner privileges.","REPORTED","Inspect; preserve existing behavior; no implementation expansion from this row.","D-06,D-10,E-03","TESTED","lib/pilot/service.ts; lib/security/admin-access.ts; lib/pilot/core.ts","L:pilot,admin-experience; CI:security","DEP-01 main; DEP-02 for guest gear. Build logs match active Worker version IDs and base commit. Feature activation/data not read.","NOT_VERIFIED: no member/admin transaction, live record read, real-device ceremony or live capacity test.","PARTIAL","Admin role plus Access required; commerce and identity-support capabilities are not separated (D-06).","3357cad7bfe8e7ae50475718e8542e9fba83933f","2026-09-21","PRESERVED / CI PASSED","Existing application suites passed on identity candidate.","Live feature use not inferred from synthetic regression.","PR #17; current release evidence"
"IAM-09","Identity, access, and member accounts","Member role","Accepted/partially live","Unverified","P0","Member can access only own sensitive records and approved public fields.","PROPOSED","Inspect; preserve existing behavior; no implementation expansion from this row.","","TESTED","lib/pilot/history.ts; lib/pilot/access.ts; lib/pilot/rewards.ts; app/api/profile-images/route.ts","L:beta,profiles-experience; CI:security","DEP-01 main; DEP-02 for guest gear. Build logs match active Worker version IDs and base commit. Feature activation/data not read.","NOT_VERIFIED: no member/admin transaction, live record read, real-device ceremony or live capacity test.","IMPLEMENTED","Own-history/shop access and approved profile field boundaries tested; production records not inspected.","3357cad7bfe8e7ae50475718e8542e9fba83933f","2026-09-21","PRESERVED / CI PASSED","Existing application suites passed on identity candidate.","Live feature use not inferred from synthetic regression.","PR #17; current release evidence"
"IAM-10","Identity, access, and member accounts","Admin onboarding","Documentation previously requested","Current in-app support unknown","P2","New admin can complete setup and understand risk controls.","PROPOSED","Inspect; preserve existing behavior; no implementation expansion from this row.","","TESTED","app/pilot.tsx Members UI; app/api/auth/route.ts; LAUNCH.md","CI:auth-integration","DEP-01 main; DEP-02 for guest gear. Build logs match active Worker version IDs and base commit. Feature activation/data not read.","NOT_VERIFIED: no member/admin transaction, live record read, real-device ceremony or live capacity test.","PARTIAL","Setup/recovery and Access guidance exist; no new-admin usability or recovery drill.","3357cad7bfe8e7ae50475718e8542e9fba83933f","2026-09-21","PRESERVED / CI PASSED","Existing application suites passed on identity candidate.","Live feature use not inferred from synthetic regression.","PR #17; current release evidence"
"IAM-11","Identity, access, and member accounts","Access revocation","Required","Unverified","P0","Removing an identity blocks new access and invalidates active sessions as designed.","TECHNICAL-CORRECTION","Grant deletion, identity unlink, member disable and session revoke are different operations; implement explicit effects.","","TESTED","lib/pilot/service.ts member action; app/api/auth/route.ts revoke; app/api/auth/route.ts","L:pilot; CI:auth-integration","DEP-01 main; DEP-02 for guest gear. Build logs match active Worker version IDs and base commit. Feature activation/data not read.","NOT_VERIFIED: no member/admin transaction, live record read, real-device ceremony or live capacity test.","PARTIAL","Disable/role/shop changes revoke sessions; pending setup/recovery codes are not all cleared on disable; no multi-credential revocation (F-05).","3357cad7bfe8e7ae50475718e8542e9fba83933f","2026-09-21","PRESERVED / CI PASSED","Existing application suites passed on identity candidate.","Live feature use not inferred from synthetic regression.","PR #17; current release evidence"
"IAM-12","Identity, access, and member accounts","Capacity near 60 concurrent users","Requirement","No load evidence","P1","Representative load test meets defined latency/error budget without duplicate writes.","OWNER-HISTORY","Inspect; preserve existing behavior; no implementation expansion from this row.","","OBSERVED_IN_CODE","app/api/auth/route.ts rate limits; lib/auth/session.ts rateLimit","CI:security","Baseline inspection at DEP-01/DEP-02; no claim this target is deployed. See BASELINE-EVIDENCE-2026-09-21.md.","NOT_VERIFIED: no member/admin transaction, live record read, real-device ceremony or live capacity test.","UNKNOWN","No representative 60-user load test or accepted SLO; 40 login attempts/IP/15m can block a shared-NAT cohort.","3357cad7bfe8e7ae50475718e8542e9fba83933f","2026-09-21","PRESERVED / CI PASSED","Existing application suites passed on identity candidate.","Live feature use not inferred from synthetic regression.","PR #17; current release evidence"
"PAY-01","Orders, manual payments, tabs, and balances","Cash App payment option","Reported live operational method","Site linkage/reconciliation unverified","P0","Order records expected method and remains pending until confirmed by approved process.","OWNER-HISTORY","Inspect; preserve existing behavior; no implementation expansion from this row.","","TESTED","lib/cashapp.ts; lib/pilot/transactions.ts; app/store/payment-forms.tsx","L:rounds-1-2; CI:payment-handoff","DEP-01 main; DEP-02 for guest gear. Build logs match active Worker version IDs and base commit. Feature activation/data not read.","NOT_VERIFIED: no member/admin transaction, live record read, real-device ceremony or live capacity test.","IMPLEMENTED","Manual Cash App reports remain pending until authorized confirmation.","3357cad7bfe8e7ae50475718e8542e9fba83933f","2026-09-21","PRESERVED / CI PASSED","Existing application suites passed on identity candidate.","Live feature use not inferred from synthetic regression.","PR #17; current release evidence"
"PAY-02","Orders, manual payments, tabs, and balances","Cash payment option","Reported operational method","App behavior unverified","P1","Admin can reconcile cash with actor, date, amount, and reason.","OWNER-HISTORY","Inspect; preserve existing behavior; no implementation expansion from this row.","","TESTED","lib/pilot/transactions.ts; app/store/transaction-hub.tsx","L:rounds-1-2","DEP-01 main; DEP-02 for guest gear. Build logs match active Worker version IDs and base commit. Feature activation/data not read.","NOT_VERIFIED: no member/admin transaction, live record read, real-device ceremony or live capacity test.","IMPLEMENTED","Cash confirmation records actor and unique reference; actual cash reconciliation not audited.","3357cad7bfe8e7ae50475718e8542e9fba83933f","2026-09-21","PRESERVED / CI PASSED","Existing application suites passed on identity candidate.","Live feature use not inferred from synthetic regression.","PR #17; current release evidence"
"PAY-03","Orders, manual payments, tabs, and balances","Venmo compatibility","Historical","Current intent unclear","P3","Mark retained or deprecated after owner decision.","PROPOSED","Inspect; preserve existing behavior; no implementation expansion from this row.","","INSPECTED_NOT_FOUND","lib/pilot/transactions.ts; lib/cashapp.ts; app/store/payment-forms.tsx","None","Baseline inspection at DEP-01/DEP-02; no claim this target is deployed. See BASELINE-EVIDENCE-2026-09-21.md.","NOT_VERIFIED: no member/admin transaction, live record read, real-device ceremony or live capacity test.","NOT_IMPLEMENTED","Only cash/Cash App methods found; retain/deprecate Venmo decision remains historical O-004/E-08.","3357cad7bfe8e7ae50475718e8542e9fba83933f","2026-09-21","PRESERVED / CI PASSED","Existing application suites passed on identity candidate.","Live feature use not inferred from synthetic regression.","PR #17; current release evidence"
"PAY-04","Orders, manual payments, tabs, and balances","Manual payment confirmation","Accepted design","Unverified","P0","Only authorized admin confirms; confirmation is auditable and amount-matched.","PROPOSED","Inspect; preserve existing behavior; no implementation expansion from this row.","","TESTED","lib/pilot/transactions.ts; lib/pilot/core.ts","L:rounds-1-2","DEP-01 main; DEP-02 for guest gear. Build logs match active Worker version IDs and base commit. Feature activation/data not read.","NOT_VERIFIED: no member/admin transaction, live record read, real-device ceremony or live capacity test.","IMPLEMENTED","Admin Access and transaction guards protect amount-matched confirmation.","3357cad7bfe8e7ae50475718e8542e9fba83933f","2026-09-21","PRESERVED / CI PASSED","Existing application suites passed on identity candidate.","Live feature use not inferred from synthetic regression.","PR #17; current release evidence"
"PAY-05","Orders, manual payments, tabs, and balances","Member prepaid balance","Requirement","Unverified","P0","Credits/debits use ledger; insufficient-funds and concurrent-spend behavior defined.","OWNER-HISTORY","Inspect; preserve existing behavior; no implementation expansion from this row.","","TESTED","lib/pilot/balances.ts; lib/pilot/orders.ts; ROUNDS-SCHEMA.sql","L:rounds-1-2,redemptions","DEP-01 main; DEP-02 for guest gear. Build logs match active Worker version IDs and base commit. Feature activation/data not read.","NOT_VERIFIED: no member/admin transaction, live record read, real-device ceremony or live capacity test.","IMPLEMENTED","Credit balance and ledger guarded against overspending; live opening balances not reconciled.","3357cad7bfe8e7ae50475718e8542e9fba83933f","2026-09-21","PRESERVED / CI PASSED","Existing application suites passed on identity candidate.","Live feature use not inferred from synthetic regression.","PR #17; current release evidence"
"PAY-06","Orders, manual payments, tabs, and balances","Running member tab","Requirement","Unverified","P0","Tab charges and repayments are immutable, attributable, and balance correctly.","OWNER-HISTORY","Inspect; preserve existing behavior; no implementation expansion from this row.","","TESTED","lib/pilot/balances.ts; lib/pilot/orders.ts; lib/pilot/transactions.ts","L:rounds-1-2","DEP-01 main; DEP-02 for guest gear. Build logs match active Worker version IDs and base commit. Feature activation/data not read.","NOT_VERIFIED: no member/admin transaction, live record read, real-device ceremony or live capacity test.","IMPLEMENTED","Tab charges/repayments and compensating ledger entries tested.","3357cad7bfe8e7ae50475718e8542e9fba83933f","2026-09-21","PRESERVED / CI PASSED","Existing application suites passed on identity candidate.","Live feature use not inferred from synthetic regression.","PR #17; current release evidence"
"PAY-07","Orders, manual payments, tabs, and balances","Delayed-payment limit","Requirement","Exact maximum unresolved","P1","Configurable owner-approved limit blocks or warns according to policy.","OWNER-HISTORY","Inspect; preserve existing behavior; no implementation expansion from this row.","","TESTED","lib/pilot/balances.ts; ROUNDS-SCHEMA.sql; README.md","L:rounds-1-2","DEP-01 main; DEP-02 for guest gear. Build logs match active Worker version IDs and base commit. Feature activation/data not read.","NOT_VERIFIED: no member/admin transaction, live record read, real-device ceremony or live capacity test.","PARTIAL","Code defaults $20 reminder/$30 ceiling and stricter member limit; accepted operating values and live overrides remain E-08.","3357cad7bfe8e7ae50475718e8542e9fba83933f","2026-09-21","PRESERVED / CI PASSED","Existing application suites passed on identity candidate.","Live feature use not inferred from synthetic regression.","PR #17; current release evidence"
"PAY-08","Orders, manual payments, tabs, and balances","Member balance/history view","Accepted design","Unverified","P1","Member sees current balance and itemized own history.","OWNER-HISTORY","Inspect; preserve existing behavior; no implementation expansion from this row.","","TESTED","lib/pilot/history.ts; app/store/history-pager.tsx; lib/pilot/service.ts","L:beta,rounds-1-2","DEP-01 main; DEP-02 for guest gear. Build logs match active Worker version IDs and base commit. Feature activation/data not read.","NOT_VERIFIED: no member/admin transaction, live record read, real-device ceremony or live capacity test.","IMPLEMENTED","Own itemized history and debt/credit display present.","3357cad7bfe8e7ae50475718e8542e9fba83933f","2026-09-21","PRESERVED / CI PASSED","Existing application suites passed on identity candidate.","Live feature use not inferred from synthetic regression.","PR #17; current release evidence"
"PAY-09","Orders, manual payments, tabs, and balances","Admin tab management","Accepted design","Unverified","P1","Adjustment requires permission and reason; no silent deletion.","PROPOSED","Inspect; preserve existing behavior; no implementation expansion from this row.","","TESTED","lib/pilot/service.ts member action; lib/pilot/balances.ts","L:rounds-1-2","DEP-01 main; DEP-02 for guest gear. Build logs match active Worker version IDs and base commit. Feature activation/data not read.","NOT_VERIFIED: no member/admin transaction, live record read, real-device ceremony or live capacity test.","IMPLEMENTED","Reason required for manual balance change; opening/activity ledger retained.","3357cad7bfe8e7ae50475718e8542e9fba83933f","2026-09-21","PRESERVED / CI PASSED","Existing application suites passed on identity candidate.","Live feature use not inferred from synthetic regression.","PR #17; current release evidence"
"PAY-10","Orders, manual payments, tabs, and balances","Automated member reminders","Proposed","Unverified","P2","Opt-in/policy-approved cadence, deduplication, and no sensitive content leakage.","PROPOSED","Historical proposal; no messages/reminders sent under current scope.","","INSPECTED_NOT_FOUND","lib/pilot/tasks.ts; app/store/task-inbox.tsx; README.md","L:admin-experience","Baseline inspection at DEP-01/DEP-02; no claim this target is deployed. See BASELINE-EVIDENCE-2026-09-21.md.","NOT_VERIFIED: no member/admin transaction, live record read, real-device ceremony or live capacity test.","NOT_IMPLEMENTED","Manual reminder records/mailto guidance only; no automatic outbound member reminders or cadence.","3357cad7bfe8e7ae50475718e8542e9fba83933f","2026-09-21","PRESERVED / CI PASSED","Existing application suites passed on identity candidate.","Live feature use not inferred from synthetic regression.","PR #17; current release evidence"
"PAY-11","Orders, manual payments, tabs, and balances","Match transfers to purchases/tabs","Proposed","Unverified","P1","Matching preserves source evidence and supports manual exception handling.","PROPOSED","Inspect; preserve existing behavior; no implementation expansion from this row.","","TESTED","lib/pilot/transactions.ts; app/store/transaction-hub.tsx","L:rounds-1-2","DEP-01 main; DEP-02 for guest gear. Build logs match active Worker version IDs and base commit. Feature activation/data not read.","NOT_VERIFIED: no member/admin transaction, live record read, real-device ceremony or live capacity test.","PARTIAL","Manual reference/amount matching and exceptions present; no authoritative transfer feed integration.","3357cad7bfe8e7ae50475718e8542e9fba83933f","2026-09-21","PRESERVED / CI PASSED","Existing application suites passed on identity candidate.","Live feature use not inferred from synthetic regression.","PR #17; current release evidence"
"PAY-12","Orders, manual payments, tabs, and balances","Cash App email ingestion","Proposed","Sample email previously supplied; not verified","P2","Email is only a signal; parse safely, deduplicate, amount/member match, require exception review, never trust it as sole payment authority.","PROPOSED","Inspect; preserve existing behavior; no implementation expansion from this row.","","INSPECTED_NOT_FOUND","worker.ts; lib/pilot/transactions.ts; package.json","None","Baseline inspection at DEP-01/DEP-02; no claim this target is deployed. See BASELINE-EVIDENCE-2026-09-21.md.","NOT_VERIFIED: no member/admin transaction, live record read, real-device ceremony or live capacity test.","NOT_IMPLEMENTED","No Cash App email ingestion; no email-as-payment authority introduced.","3357cad7bfe8e7ae50475718e8542e9fba83933f","2026-09-21","PRESERVED / CI PASSED","Existing application suites passed on identity candidate.","Live feature use not inferred from synthetic regression.","PR #17; current release evidence"
"PAY-13","Orders, manual payments, tabs, and balances","Refund/void workflow","Required","Unverified","P0","Compensating financial/inventory entries; authorized actor; reason; idempotent.","PROPOSED","Inspect; preserve existing behavior; no implementation expansion from this row.","","TESTED","lib/pilot/transactions.ts; lib/pilot/balances.ts; lib/pilot/operation.ts","L:rounds-1-2","DEP-01 main; DEP-02 for guest gear. Build logs match active Worker version IDs and base commit. Feature activation/data not read.","NOT_VERIFIED: no member/admin transaction, live record read, real-device ceremony or live capacity test.","IMPLEMENTED","Compensating reversals/refunds/optional stock return preserve original orders and idempotency.","3357cad7bfe8e7ae50475718e8542e9fba83933f","2026-09-21","PRESERVED / CI PASSED","Existing application suites passed on identity candidate.","Live feature use not inferred from synthetic regression.","PR #17; current release evidence"
"PAY-14","Orders, manual payments, tabs, and balances","Order/payment state machine","Required","Unverified","P0","Explicit allowed transitions; impossible states rejected and tested.","PROPOSED","Inspect; preserve existing behavior; no implementation expansion from this row.","","TESTED","lib/pilot/orders.ts; lib/pilot/transactions.ts; lib/pilot/gear.ts","L:pilot,beta,rounds-1-2","DEP-01 main; DEP-02 for guest gear. Build logs match active Worker version IDs and base commit. Feature activation/data not read.","NOT_VERIFIED: no member/admin transaction, live record read, real-device ceremony or live capacity test.","IMPLEMENTED","Payment, correction and pickup states have server-side transition guards.","3357cad7bfe8e7ae50475718e8542e9fba83933f","2026-09-21","PRESERVED / CI PASSED","Existing application suites passed on identity candidate.","Live feature use not inferred from synthetic regression.","PR #17; current release evidence"
"REW-01","Rewards, Murley Bucks, and Support Board","Murley Bucks current balance","Accepted design","Implementation unverified","P1","Derived/reconciled from ledger and visible to member.","OWNER-HISTORY","Inspect; preserve existing behavior; no implementation expansion from this row.","","TESTED","lib/pilot/redemptions.ts rewardWallet; REDEMPTION-SCHEMA.sql","L:redemptions","DEP-01 main; DEP-02 for guest gear. Build logs match active Worker version IDs and base commit. Feature activation/data not read.","NOT_VERIFIED: no member/admin transaction, live record read, real-device ceremony or live capacity test.","IMPLEMENTED","Available wallet is earned ledger less redemption spending; current live wallet totals not read.","3357cad7bfe8e7ae50475718e8542e9fba83933f","2026-09-21","PRESERVED / CI PASSED","Existing application suites passed on identity candidate.","Live feature use not inferred from synthetic regression.","PR #17; current release evidence"
"REW-02","Rewards, Murley Bucks, and Support Board","Historical earned total","Accepted design","Implementation unverified","P1","Lifetime/season earned is separate from spendable balance.","OWNER-HISTORY","Historical earned is supported; exact lifetime/season ranking and field audience require evidence.","E-08","TESTED","lib/pilot/rewards.ts; lib/pilot/redemptions.ts rewardWallet","L:earning,redemptions,profiles-experience","DEP-01 main; DEP-02 for guest gear. Build logs match active Worker version IDs and base commit. Feature activation/data not read.","NOT_VERIFIED: no member/admin transaction, live record read, real-device ceremony or live capacity test.","IMPLEMENTED","Historical net earned remains distinct from spendable balance and seasonal display.","3357cad7bfe8e7ae50475718e8542e9fba83933f","2026-09-21","PRESERVED / CI PASSED","Existing application suites passed on identity candidate.","Live feature use not inferred from synthetic regression.","PR #17; current release evidence"
"REW-03","Rewards, Murley Bucks, and Support Board","Reward redemption","Accepted design","Implementation unverified","P1","Debit is atomic, cannot overspend, and links to order/reward.","OWNER-HISTORY","Inspect; preserve existing behavior; no implementation expansion from this row.","","TESTED","lib/pilot/redemptions.ts; lib/pilot/operation.ts","L:redemptions","DEP-01 main; DEP-02 for guest gear. Build logs match active Worker version IDs and base commit. Feature activation/data not read.","NOT_VERIFIED: no member/admin transaction, live record read, real-device ceremony or live capacity test.","IMPLEMENTED","Atomic redemption and idempotency prevent duplicate/over-budget spending.","3357cad7bfe8e7ae50475718e8542e9fba83933f","2026-09-21","PRESERVED / CI PASSED","Existing application suites passed on identity candidate.","Live feature use not inferred from synthetic regression.","PR #17; current release evidence"
"REW-04","Rewards, Murley Bucks, and Support Board","Admin-defined store-credit rewards","Accepted design","Implementation unverified","P1","Reward config has amount, active state, eligibility, audit history.","OWNER-HISTORY","Inspect; preserve existing behavior; no implementation expansion from this row.","","TESTED","lib/pilot/redemptions.ts reward mutations; app/store/rewards-shop.tsx","L:redemptions","DEP-01 main; DEP-02 for guest gear. Build logs match active Worker version IDs and base commit. Feature activation/data not read.","NOT_VERIFIED: no member/admin transaction, live record read, real-device ceremony or live capacity test.","PARTIAL","Active amount/cost/stock/admin configuration exists; policy/eligibility acceptance not established (E-08).","3357cad7bfe8e7ae50475718e8542e9fba83933f","2026-09-21","PRESERVED / CI PASSED","Existing application suites passed on identity candidate.","Live feature use not inferred from synthetic regression.","PR #17; current release evidence"
"REW-05","Rewards, Murley Bucks, and Support Board","Immediate reward issuance","Accepted design","Implementation unverified","P1","Qualifying event posts one credit immediately and idempotently.","OWNER-HISTORY","Inspect; preserve existing behavior; no implementation expansion from this row.","","TESTED","lib/pilot/redemptions.ts; lib/pilot/balances.ts","L:redemptions","DEP-01 main; DEP-02 for guest gear. Build logs match active Worker version IDs and base commit. Feature activation/data not read.","NOT_VERIFIED: no member/admin transaction, live record read, real-device ceremony or live capacity test.","IMPLEMENTED","Store-credit reward issuance updates provenance/ledger/member credit together; rates not approved by audit.","3357cad7bfe8e7ae50475718e8542e9fba83933f","2026-09-21","PRESERVED / CI PASSED","Existing application suites passed on identity candidate.","Live feature use not inferred from synthetic regression.","PR #17; current release evidence"
"REW-06","Rewards, Murley Bucks, and Support Board","Store credit applied to tabs","Accepted design","Implementation unverified","P1","Creates linked reward debit and tab credit without destroying history.","OWNER-HISTORY","Inspect; preserve existing behavior; no implementation expansion from this row.","","TESTED","lib/pilot/redemptions.ts; lib/pilot/transactions.ts applyCredit; lib/pilot/balances.ts","L:redemptions,rounds-1-2","DEP-01 main; DEP-02 for guest gear. Build logs match active Worker version IDs and base commit. Feature activation/data not read.","NOT_VERIFIED: no member/admin transaction, live record read, real-device ceremony or live capacity test.","IMPLEMENTED","Reward issues credit first; member explicitly applies available credit to tab without erasing earned history.","3357cad7bfe8e7ae50475718e8542e9fba83933f","2026-09-21","PRESERVED / CI PASSED","Existing application suites passed on identity candidate.","Live feature use not inferred from synthetic regression.","PR #17; current release evidence"
"REW-07","Rewards, Murley Bucks, and Support Board","Store credit applied to new purchase","Accepted design","Implementation unverified","P1","Server calculates application; remainder/payment state is explicit.","OWNER-HISTORY","Inspect; preserve existing behavior; no implementation expansion from this row.","","TESTED","lib/pilot/orders.ts; lib/pilot/balances.ts","L:rounds-1-2,redemptions","DEP-01 main; DEP-02 for guest gear. Build logs match active Worker version IDs and base commit. Feature activation/data not read.","NOT_VERIFIED: no member/admin transaction, live record read, real-device ceremony or live capacity test.","IMPLEMENTED","Confirmed credit application and external/tab remainder computed server-side.","3357cad7bfe8e7ae50475718e8542e9fba83933f","2026-09-21","PRESERVED / CI PASSED","Existing application suites passed on identity candidate.","Live feature use not inferred from synthetic regression.","PR #17; current release evidence"
"REW-08","Rewards, Murley Bucks, and Support Board","Admin activate/deactivate rewards","Accepted design","Implementation unverified","P2","Deactivation prevents new use while retaining history.","OWNER-HISTORY","Inspect; preserve existing behavior; no implementation expansion from this row.","","TESTED","lib/pilot/redemptions.ts; app/store/rewards-shop.tsx","L:redemptions","DEP-01 main; DEP-02 for guest gear. Build logs match active Worker version IDs and base commit. Feature activation/data not read.","NOT_VERIFIED: no member/admin transaction, live record read, real-device ceremony or live capacity test.","IMPLEMENTED","Inactive rewards cannot be newly redeemed; historical redemption rows retained.","3357cad7bfe8e7ae50475718e8542e9fba83933f","2026-09-21","PRESERVED / CI PASSED","Existing application suites passed on identity candidate.","Live feature use not inferred from synthetic regression.","PR #17; current release evidence"
"REW-09","Rewards, Murley Bucks, and Support Board","Support Board","Accepted design","Implementation unverified","P2","Displays only approved fields and historical earned metric.","OWNER-HISTORY","Historical earned is supported; exact lifetime/season ranking and field audience require evidence.","E-08","TESTED","lib/pilot/rewards.ts board queries; PROFILE-EXPERIENCE-SCHEMA.sql","L:profiles-experience","DEP-01 main; DEP-02 for guest gear. Build logs match active Worker version IDs and base commit. Feature activation/data not read.","NOT_VERIFIED: no member/admin transaction, live record read, real-device ceremony or live capacity test.","PARTIAL","Member-only approved public profile/earned fields filtered; precise owner-approved field policy remains E-08.","3357cad7bfe8e7ae50475718e8542e9fba83933f","2026-09-21","PRESERVED / CI PASSED","Existing application suites passed on identity candidate.","Live feature use not inferred from synthetic regression.","PR #17; current release evidence"
"REW-10","Rewards, Murley Bucks, and Support Board","Automatic Support Board enrollment","Accepted design","Implementation unverified","P2","Default behavior matches owner decision and is disclosed.","OWNER-HISTORY","Inspect; preserve existing behavior; no implementation expansion from this row.","","TESTED","PROFILE-EXPERIENCE-SCHEMA.sql; lib/pilot/rewards.ts","L:profiles-experience","DEP-01 main; DEP-02 for guest gear. Build logs match active Worker version IDs and base commit. Feature activation/data not read.","NOT_VERIFIED: no member/admin transaction, live record read, real-device ceremony or live capacity test.","PARTIAL","New/default profile enrollment behavior present and opt-outs preserved; owner policy/disclosure acceptance not verified.","3357cad7bfe8e7ae50475718e8542e9fba83933f","2026-09-21","PRESERVED / CI PASSED","Existing application suites passed on identity candidate.","Live feature use not inferred from synthetic regression.","PR #17; current release evidence"
"REW-11","Rewards, Murley Bucks, and Support Board","Member Support Board opt-out","Accepted design","Implementation unverified","P1","Opt-out takes effect promptly across queries/caches.","OWNER-HISTORY","Inspect; preserve existing behavior; no implementation expansion from this row.","","TESTED","lib/pilot/rewards.ts; app/api/profile-images/route.ts","L:profiles-experience","DEP-01 main; DEP-02 for guest gear. Build logs match active Worker version IDs and base commit. Feature activation/data not read.","NOT_VERIFIED: no member/admin transaction, live record read, real-device ceremony or live capacity test.","IMPLEMENTED","Opt-out/current privacy checked in board/profile/media paths.","3357cad7bfe8e7ae50475718e8542e9fba83933f","2026-09-21","PRESERVED / CI PASSED","Existing application suites passed on identity candidate.","Live feature use not inferred from synthetic regression.","PR #17; current release evidence"
"REW-12","Rewards, Murley Bucks, and Support Board","Profile reward history","Accepted design","Implementation unverified","P2","Member sees earned/spent entries and understandable reasons.","OWNER-HISTORY","Inspect; preserve existing behavior; no implementation expansion from this row.","","TESTED","lib/pilot/rewards.ts; lib/pilot/redemptions.ts; app/store/rewards.tsx","L:earning,redemptions,profiles-experience","DEP-01 main; DEP-02 for guest gear. Build logs match active Worker version IDs and base commit. Feature activation/data not read.","NOT_VERIFIED: no member/admin transaction, live record read, real-device ceremony or live capacity test.","IMPLEMENTED","Earned/spent history and reasons are separately available to member.","3357cad7bfe8e7ae50475718e8542e9fba83933f","2026-09-21","PRESERVED / CI PASSED","Existing application suites passed on identity candidate.","Live feature use not inferred from synthetic regression.","PR #17; current release evidence"
"RAF-01","Raffles and seasons","Admin raffle creation","Accepted design","Implementation unverified","P2","Name, rules, dates, eligibility, entry mode, status, and prize are recorded.","PROPOSED","Inspect; preserve existing behavior; no implementation expansion from this row.","","TESTED","lib/pilot/redemptions.ts raffle mutations; REDEMPTION-SCHEMA.sql","L:redemptions","DEP-01 main; DEP-02 for guest gear. Build logs match active Worker version IDs and base commit. Feature activation/data not read.","NOT_VERIFIED: no member/admin transaction, live record read, real-device ceremony or live capacity test.","PARTIAL","Raffle/prize/dates/cost/status fields present; full owner-approved eligibility/rules policy not established.","3357cad7bfe8e7ae50475718e8542e9fba83933f","2026-09-21","PRESERVED / CI PASSED","Existing application suites passed on identity candidate.","Live feature use not inferred from synthetic regression.","PR #17; current release evidence"
"RAF-02","Raffles and seasons","Admin activate/deactivate raffle","Accepted design","Implementation unverified","P2","Member entry UI appears only while active; history remains.","OWNER-HISTORY","Inspect; preserve existing behavior; no implementation expansion from this row.","","TESTED","lib/pilot/redemptions.ts; app/store/rewards-shop.tsx","L:redemptions","DEP-01 main; DEP-02 for guest gear. Build logs match active Worker version IDs and base commit. Feature activation/data not read.","NOT_VERIFIED: no member/admin transaction, live record read, real-device ceremony or live capacity test.","IMPLEMENTED","Active/paused/end guards govern entries while retaining history.","3357cad7bfe8e7ae50475718e8542e9fba83933f","2026-09-21","PRESERVED / CI PASSED","Existing application suites passed on identity candidate.","Live feature use not inferred from synthetic regression.","PR #17; current release evidence"
"RAF-03","Raffles and seasons","Website-managed draw","Accepted design","Implementation unverified","P2","Eligible entry set is frozen/audited; winner selection is reproducible or provably logged.","OWNER-HISTORY","Inspect; preserve existing behavior; no implementation expansion from this row.","","TESTED","lib/pilot/redemptions.ts draw mutations; REDEMPTION-SCHEMA.sql","L:redemptions","DEP-01 main; DEP-02 for guest gear. Build logs match active Worker version IDs and base commit. Feature activation/data not read.","NOT_VERIFIED: no member/admin transaction, live record read, real-device ceremony or live capacity test.","IMPLEMENTED","Version-guarded frozen ticket range and cryptographic draw result recorded; production draw not executed.","3357cad7bfe8e7ae50475718e8542e9fba83933f","2026-09-21","PRESERVED / CI PASSED","Existing application suites passed on identity candidate.","Live feature use not inferred from synthetic regression.","PR #17; current release evidence"
"RAF-04","Raffles and seasons","Outside draw recording","Accepted design","Implementation unverified","P2","Admin can record external draw method and winner with notes/evidence.","OWNER-HISTORY","Inspect; preserve existing behavior; no implementation expansion from this row.","","TESTED","lib/pilot/redemptions.ts external draw; app/store/rewards-shop.tsx","L:redemptions","DEP-01 main; DEP-02 for guest gear. Build logs match active Worker version IDs and base commit. Feature activation/data not read.","NOT_VERIFIED: no member/admin transaction, live record read, real-device ceremony or live capacity test.","IMPLEMENTED","External winner/method/notes can be recorded against paused/ended fixed entries.","3357cad7bfe8e7ae50475718e8542e9fba83933f","2026-09-21","PRESERVED / CI PASSED","Existing application suites passed on identity candidate.","Live feature use not inferred from synthetic regression.","PR #17; current release evidence"
"RAF-05","Raffles and seasons","Member raffle entry","Accepted design","Implementation unverified","P2","Eligibility and duplicate-entry policy are enforced server-side.","PROPOSED","Inspect; preserve existing behavior; no implementation expansion from this row.","","TESTED","lib/pilot/redemptions.ts member entry; lib/pilot/operation.ts","L:redemptions","DEP-01 main; DEP-02 for guest gear. Build logs match active Worker version IDs and base commit. Feature activation/data not read.","NOT_VERIFIED: no member/admin transaction, live record read, real-device ceremony or live capacity test.","PARTIAL","Balance/window/ticket guards and request deduplication present; repeat legitimate entries permitted; accepted eligibility remains E-08.","3357cad7bfe8e7ae50475718e8542e9fba83933f","2026-09-21","PRESERVED / CI PASSED","Existing application suites passed on identity candidate.","Live feature use not inferred from synthetic regression.","PR #17; current release evidence"
"RAF-06","Raffles and seasons","Guest/non-member entrant","Accepted design","Implementation unverified","P2","Admin can add guest identity sufficient for event; no account is created automatically.","OWNER-HISTORY","Inspect; preserve existing behavior; no implementation expansion from this row.","","TESTED","lib/pilot/redemptions.ts admin entry; REDEMPTION-SCHEMA.sql","L:redemptions","DEP-01 main; DEP-02 for guest gear. Build logs match active Worker version IDs and base commit. Feature activation/data not read.","NOT_VERIFIED: no member/admin transaction, live record read, real-device ceremony or live capacity test.","IMPLEMENTED","Visitor entrants supported without creating member accounts.","3357cad7bfe8e7ae50475718e8542e9fba83933f","2026-09-21","PRESERVED / CI PASSED","Existing application suites passed on identity candidate.","Live feature use not inferred from synthetic regression.","PR #17; current release evidence"
"RAF-07","Raffles and seasons","Free/non-purchase raffles","Accepted design","Implementation unverified","P1","No purchase requirement is implied; terms reflect owner-approved policy.","OWNER-HISTORY","Inspect; preserve existing behavior; no implementation expansion from this row.","","TESTED","lib/pilot/redemptions.ts free admin entry; app/store/rewards-shop.tsx","L:redemptions","DEP-01 main; DEP-02 for guest gear. Build logs match active Worker version IDs and base commit. Feature activation/data not read.","NOT_VERIFIED: no member/admin transaction, live record read, real-device ceremony or live capacity test.","PARTIAL","Administrator can grant free entries; final terms/policy approval not inspected.","3357cad7bfe8e7ae50475718e8542e9fba83933f","2026-09-21","PRESERVED / CI PASSED","Existing application suites passed on identity candidate.","Live feature use not inferred from synthetic regression.","PR #17; current release evidence"
"RAF-08","Raffles and seasons","Optional Murley Bucks entry cost","Decision unresolved","Not approved as default","P2","Implement only after explicit owner decision and policy review.","PROPOSED","Prior discussion exists; exact accepted conversion and eligibility absent. Do not invent or enable.","E-08","TESTED","lib/pilot/redemptions.ts; app/store/rewards-shop.tsx","L:redemptions","DEP-01 main; DEP-02 for guest gear. Build logs match active Worker version IDs and base commit. Feature activation/data not read.","NOT_VERIFIED: no member/admin transaction, live record read, real-device ceremony or live capacity test.","PARTIAL","Optional Bucks-priced entries already exist; source proposal is not proof of owner approval or live activation.","3357cad7bfe8e7ae50475718e8542e9fba83933f","2026-09-21","PRESERVED / CI PASSED","Existing application suites passed on identity candidate.","Live feature use not inferred from synthetic regression.","PR #17; current release evidence"
"RAF-09","Raffles and seasons","Winner badge","Accepted design","Implementation unverified","P2","Current-season winner badge displays on approved surfaces.","OWNER-HISTORY","Inspect; preserve existing behavior; no implementation expansion from this row.","","TESTED","lib/pilot/redemptions.ts winner badge; lib/pilot/rewards.ts; app/store/member-flair.tsx","L:redemptions,profiles-experience","DEP-01 main; DEP-02 for guest gear. Build logs match active Worker version IDs and base commit. Feature activation/data not read.","NOT_VERIFIED: no member/admin transaction, live record read, real-device ceremony or live capacity test.","IMPLEMENTED","Automatic winner badges follow privacy and season visibility.","3357cad7bfe8e7ae50475718e8542e9fba83933f","2026-09-21","PRESERVED / CI PASSED","Existing application suites passed on identity candidate.","Live feature use not inferred from synthetic regression.","PR #17; current release evidence"
"RAF-10","Raffles and seasons","Season rollover","Accepted design","Implementation unverified","P2","Badge visibility resets next season while historical winner record remains.","OWNER-HISTORY","Inspect; preserve existing behavior; no implementation expansion from this row.","","TESTED","lib/pilot/rewards.ts; lib/pilot/redemptions.ts; REWARDS-SCHEMA.sql","L:redemptions,profiles-experience","DEP-01 main; DEP-02 for guest gear. Build logs match active Worker version IDs and base commit. Feature activation/data not read.","NOT_VERIFIED: no member/admin transaction, live record read, real-device ceremony or live capacity test.","IMPLEMENTED","Badge expiration and archived historical result are distinct.","3357cad7bfe8e7ae50475718e8542e9fba83933f","2026-09-21","PRESERVED / CI PASSED","Existing application suites passed on identity candidate.","Live feature use not inferred from synthetic regression.","PR #17; current release evidence"
"RAF-11","Raffles and seasons","Admin-managed seasons","Implied/accepted","Implementation unverified","P2","Exactly one active season or documented alternative; close action audited.","PROPOSED","Inspect; preserve existing behavior; no implementation expansion from this row.","","TESTED","lib/pilot/rewards.ts seasonCreate/seasonArchive","L:rounds-5-7,profiles-experience","DEP-01 main; DEP-02 for guest gear. Build logs match active Worker version IDs and base commit. Feature activation/data not read.","NOT_VERIFIED: no member/admin transaction, live record read, real-device ceremony or live capacity test.","IMPLEMENTED","Overlapping seasons denied; archival snapshot and audit present.","3357cad7bfe8e7ae50475718e8542e9fba83933f","2026-09-21","PRESERVED / CI PASSED","Existing application suites passed on identity candidate.","Live feature use not inferred from synthetic regression.","PR #17; current release evidence"
"RAF-12","Raffles and seasons","Raffle audit/export","Required","Unverified","P1","Export entrants, eligibility, draw method, winner, actor, and timestamps.","PROPOSED","Inspect; preserve existing behavior; no implementation expansion from this row.","","TESTED","app/store/rewards-shop.tsx exportTickets; lib/pilot/redemptions.ts","L:redemptions; CI:rewards-ui","DEP-01 main; DEP-02 for guest gear. Build logs match active Worker version IDs and base commit. Feature activation/data not read.","NOT_VERIFIED: no member/admin transaction, live record read, real-device ceremony or live capacity test.","PARTIAL","Version-checked CSV exports tickets/participants/references; not a complete combined draw-method/winner/actor/time audit export.","3357cad7bfe8e7ae50475718e8542e9fba83933f","2026-09-21","PRESERVED / CI PASSED","Existing application suites passed on identity candidate.","Live feature use not inferred from synthetic regression.","PR #17; current release evidence"
"MER-01","Merchandise and fundraising surfaces","Invite-only merchandise area","Requirement","Implementation unverified","P1","Server enforces authorized audience; hidden links alone are insufficient.","OWNER-HISTORY","Inspect; preserve existing behavior; no implementation expansion from this row.","","TESTED","lib/pilot/access.ts; lib/guest/worker.ts; lib/guest/common.ts","L:beta,rounds-5-7; CI:roadmap-http","DEP-01 main; DEP-02 for guest gear. Build logs match active Worker version IDs and base commit. Feature activation/data not read.","NOT_VERIFIED: no member/admin transaction, live record read, real-device ceremony or live capacity test.","IMPLEMENTED","Member gear permission and separate revocable campaign/receipt audience exist; live campaign settings not read.","3357cad7bfe8e7ae50475718e8542e9fba83933f","2026-09-21","PRESERVED / CI PASSED","Existing application suites passed on identity candidate.","Live feature use not inferred from synthetic regression.","PR #17; current release evidence"
"MER-02","Merchandise and fundraising surfaces","Coins and shirts catalog","Planned","Unverified","P2","Separate product type/reporting from consumable inventory.","PROPOSED","Inspect; preserve existing behavior; no implementation expansion from this row.","","TESTED","lib/pilot/catalog.ts; lib/pilot/gear.ts; app/store/gear-manager.tsx","L:beta","DEP-01 main; DEP-02 for guest gear. Build logs match active Worker version IDs and base commit. Feature activation/data not read.","NOT_VERIFIED: no member/admin transaction, live record read, real-device ceremony or live capacity test.","IMPLEMENTED","Gear classification/options and reporting separate merchandise; live coins/shirts stock not read.","3357cad7bfe8e7ae50475718e8542e9fba83933f","2026-09-21","PRESERVED / CI PASSED","Existing application suites passed on identity candidate.","Live feature use not inferred from synthetic regression.","PR #17; current release evidence"
"MER-03","Merchandise and fundraising surfaces","Merchandise ordering","Planned","Unverified","P2","Fulfillment state, quantity, payment, refund, and inventory rules documented.","PROPOSED","Inspect; preserve existing behavior; no implementation expansion from this row.","","TESTED","lib/pilot/gear.ts; lib/pilot/orders.ts; lib/guest/orders.ts; README.md","L:beta,rounds-1-2,rounds-5-7","DEP-01 main; DEP-02 for guest gear. Build logs match active Worker version IDs and base commit. Feature activation/data not read.","NOT_VERIFIED: no member/admin transaction, live record read, real-device ceremony or live capacity test.","IMPLEMENTED","Options/preorders/pickup/payment/refund snapshots present; production fulfillment untouched.","3357cad7bfe8e7ae50475718e8542e9fba83933f","2026-09-21","PRESERVED / CI PASSED","Existing application suites passed on identity candidate.","Live feature use not inferred from synthetic regression.","PR #17; current release evidence"
"MER-04","Merchandise and fundraising surfaces","Tent/event sales","Planned operational use","Unverified","P3","Mobile admin flow and reconciliation designed before implementation.","DEFERRED","Outside identity scope; requires a separate work order and decisions.","","TESTED","lib/pilot/service.ts memberOrder/guestOrder; app/store/transaction-hub.tsx","L:rounds-1-2","DEP-01 main; DEP-02 for guest gear. Build logs match active Worker version IDs and base commit. Feature activation/data not read.","NOT_VERIFIED: no member/admin transaction, live record read, real-device ceremony or live capacity test.","PARTIAL","Generic member/guest admin sales exist; tent/event-specific mobile operating procedure not validated.","3357cad7bfe8e7ae50475718e8542e9fba83933f","2026-09-21","PRESERVED / CI PASSED","Existing application suites passed on identity candidate.","Live feature use not inferred from synthetic regression.","PR #17; current release evidence"
"MER-05","Merchandise and fundraising surfaces","Relationship to PO/nonprofit/RKF","Unresolved organizational decision","Not a coding task yet","P0","No public claims or fund transfers encoded until approved and documented.","DEFERRED","Outside identity scope; requires a separate work order and decisions.","","INSPECTED_NOT_FOUND","README.md; app/pilot.tsx; lib/pilot/service.ts","None","Baseline inspection at DEP-01/DEP-02; no claim this target is deployed. See BASELINE-EVIDENCE-2026-09-21.md.","NOT_VERIFIED: no member/admin transaction, live record read, real-device ceremony or live capacity test.","NOT_IMPLEMENTED","No approved organization/PO/nonprofit/RKF transfer model found; business relationship remains unresolved.","3357cad7bfe8e7ae50475718e8542e9fba83933f","2026-09-21","PRESERVED / CI PASSED","Existing application suites passed on identity candidate.","Live feature use not inferred from synthetic regression.","PR #17; current release evidence"
"ADM-01","Reporting, analytics, and administration","Admin dashboard","Reported/planned","Exact contents unverified","P1","Shows actionable totals with definitions and date range.","REPORTED","Inspect; preserve existing behavior; no implementation expansion from this row.","","TESTED","app/store/admin-dashboard.tsx; lib/pilot/tasks.ts","L:admin-experience","DEP-01 main; DEP-02 for guest gear. Build logs match active Worker version IDs and base commit. Feature activation/data not read.","NOT_VERIFIED: no member/admin transaction, live record read, real-device ceremony or live capacity test.","IMPLEMENTED","Actionable management summaries/tasks exist; real admin mobile usability not exercised.","3357cad7bfe8e7ae50475718e8542e9fba83933f","2026-09-21","PRESERVED / CI PASSED","Existing application suites passed on identity candidate.","Live feature use not inferred from synthetic regression.","PR #17; current release evidence"
"ADM-02","Reporting, analytics, and administration","Sales and order reporting","Requirement","Unverified","P1","Reconciles to immutable order/payment records.","PROPOSED","Inspect; preserve existing behavior; no implementation expansion from this row.","","TESTED","lib/pilot/history.ts; lib/pilot/transactions.ts; lib/pilot/export.ts","L:beta,rounds-1-2","DEP-01 main; DEP-02 for guest gear. Build logs match active Worker version IDs and base commit. Feature activation/data not read.","NOT_VERIFIED: no member/admin transaction, live record read, real-device ceremony or live capacity test.","IMPLEMENTED","Reports use original snapshots and effective corrections; live totals not reconciled.","3357cad7bfe8e7ae50475718e8542e9fba83933f","2026-09-21","PRESERVED / CI PASSED","Existing application suites passed on identity candidate.","Live feature use not inferred from synthetic regression.","PR #17; current release evidence"
"ADM-03","Reporting, analytics, and administration","Inventory reporting","Requirement","Unverified","P1","QOH, movement, low stock, restock, and shrink views reconcile.","PROPOSED","Inspect; preserve existing behavior; no implementation expansion from this row.","","TESTED","lib/pilot/autopilot.ts; lib/pilot/history.ts; app/store/inventory-autopilot.tsx","L:beta,rounds-5-7","DEP-01 main; DEP-02 for guest gear. Build logs match active Worker version IDs and base commit. Feature activation/data not read.","NOT_VERIFIED: no member/admin transaction, live record read, real-device ceremony or live capacity test.","IMPLEMENTED","Stock/receipts/low-stock/count reports present with fixture coverage.","3357cad7bfe8e7ae50475718e8542e9fba83933f","2026-09-21","PRESERVED / CI PASSED","Existing application suites passed on identity candidate.","Live feature use not inferred from synthetic regression.","PR #17; current release evidence"
"ADM-04","Reporting, analytics, and administration","Tab/balance reporting","Requirement","Unverified","P1","Opening + activity = closing; member detail permission protected.","PROPOSED","Inspect; preserve existing behavior; no implementation expansion from this row.","","TESTED","lib/pilot/balances.ts; lib/pilot/history.ts; lib/pilot/export.ts","L:rounds-1-2","DEP-01 main; DEP-02 for guest gear. Build logs match active Worker version IDs and base commit. Feature activation/data not read.","NOT_VERIFIED: no member/admin transaction, live record read, real-device ceremony or live capacity test.","IMPLEMENTED","Opening/activity ledgers and authorized balance reports present; no real-member export performed.","3357cad7bfe8e7ae50475718e8542e9fba83933f","2026-09-21","PRESERVED / CI PASSED","Existing application suites passed on identity candidate.","Live feature use not inferred from synthetic regression.","PR #17; current release evidence"
"ADM-05","Reporting, analytics, and administration","Reward reporting","Requirement","Unverified","P2","Earned, spent, outstanding, and adjustments reconcile to ledger.","PROPOSED","Inspect; preserve existing behavior; no implementation expansion from this row.","","TESTED","lib/pilot/rewards.ts; lib/pilot/redemptions.ts; app/store/rewards.tsx","L:earning,redemptions","DEP-01 main; DEP-02 for guest gear. Build logs match active Worker version IDs and base commit. Feature activation/data not read.","NOT_VERIFIED: no member/admin transaction, live record read, real-device ceremony or live capacity test.","PARTIAL","Wallet/history/adjustments exist; full outstanding liability and all-member reconciliation report not demonstrated.","3357cad7bfe8e7ae50475718e8542e9fba83933f","2026-09-21","PRESERVED / CI PASSED","Existing application suites passed on identity candidate.","Live feature use not inferred from synthetic regression.","PR #17; current release evidence"
"ADM-06","Reporting, analytics, and administration","Raffle reporting","Requirement","Unverified","P2","Active/history, entrants, guests, winners, and seasons.","PROPOSED","Inspect; preserve existing behavior; no implementation expansion from this row.","","TESTED","lib/pilot/redemptions.ts; lib/pilot/rewards.ts; app/store/rewards-shop.tsx","L:redemptions,profiles-experience","DEP-01 main; DEP-02 for guest gear. Build logs match active Worker version IDs and base commit. Feature activation/data not read.","NOT_VERIFIED: no member/admin transaction, live record read, real-device ceremony or live capacity test.","IMPLEMENTED","Administrative entrants/guests/winners/seasons/history views present.","3357cad7bfe8e7ae50475718e8542e9fba83933f","2026-09-21","PRESERVED / CI PASSED","Existing application suites passed on identity candidate.","Live feature use not inferred from synthetic regression.","PR #17; current release evidence"
"ADM-07","Reporting, analytics, and administration","CSV export","Requirement","Unverified","P1","Stable columns, proper escaping, authorized scope, no formula injection.","OWNER-HISTORY","Inspect; preserve existing behavior; no implementation expansion from this row.","","TESTED","lib/pilot/export.ts; app/api/export/route.ts; app/store/rewards-shop.tsx exportTickets","L:beta,rounds-1-2; CI:rewards-ui","DEP-01 main; DEP-02 for guest gear. Build logs match active Worker version IDs and base commit. Feature activation/data not read.","NOT_VERIFIED: no member/admin transaction, live record read, real-device ceremony or live capacity test.","IMPLEMENTED","CSV escaping/formula guards and authorization present; raffle CSV has narrower fields than RAF-12 target.","3357cad7bfe8e7ae50475718e8542e9fba83933f","2026-09-21","PRESERVED / CI PASSED","Existing application suites passed on identity candidate.","Live feature use not inferred from synthetic regression.","PR #17; current release evidence"
"ADM-08","Reporting, analytics, and administration","XLSX export","Requirement","Unverified","P2","Typed/dated fields, readable sheets, authorized scope.","OWNER-HISTORY","Inspect; preserve existing behavior; no implementation expansion from this row.","","INSPECTED_NOT_FOUND","lib/pilot/export.ts; app/api/export/route.ts; package.json","None","Baseline inspection at DEP-01/DEP-02; no claim this target is deployed. See BASELINE-EVIDENCE-2026-09-21.md.","NOT_VERIFIED: no member/admin transaction, live record read, real-device ceremony or live capacity test.","NOT_IMPLEMENTED","CSV only; no XLSX writer/export endpoint found.","3357cad7bfe8e7ae50475718e8542e9fba83933f","2026-09-21","PRESERVED / CI PASSED","Existing application suites passed on identity candidate.","Live feature use not inferred from synthetic regression.","PR #17; current release evidence"
"ADM-09","Reporting, analytics, and administration","Audit log","Required","Unverified","P0","Records privileged and financial actions with actor, target, time, result, and safe metadata.","PROPOSED","Inspect; preserve existing behavior; no implementation expansion from this row.","","TESTED","lib/pilot/core.ts audit; lib/pilot/operation.ts; app/api/auth/route.ts","L:pilot,rounds-1-2,admin-experience","DEP-01 main; DEP-02 for guest gear. Build logs match active Worker version IDs and base commit. Feature activation/data not read.","NOT_VERIFIED: no member/admin transaction, live record read, real-device ceremony or live capacity test.","PARTIAL","Financial/privileged successful changes audited; comprehensive identity-denial result/correlation coverage absent.","3357cad7bfe8e7ae50475718e8542e9fba83933f","2026-09-21","PRESERVED / CI PASSED","Existing application suites passed on identity candidate.","Live feature use not inferred from synthetic regression.","PR #17; current release evidence"
"ADM-10","Reporting, analytics, and administration","Configuration management","Required","Unverified","P1","Sensitive changes owner-only; versioned and audited.","PROPOSED","Inspect; preserve existing behavior; no implementation expansion from this row.","","TESTED","lib/pilot/service.ts settings/member actions; lib/pilot/owner.ts","L:pilot,admin-experience","DEP-01 main; DEP-02 for guest gear. Build logs match active Worker version IDs and base commit. Feature activation/data not read.","NOT_VERIFIED: no member/admin transaction, live record read, real-device ceremony or live capacity test.","PARTIAL","Settings writes are admin-plus-Access; only selected actions owner-only; no accepted per-setting sensitivity/capability matrix.","3357cad7bfe8e7ae50475718e8542e9fba83933f","2026-09-21","PRESERVED / CI PASSED","Existing application suites passed on identity candidate.","Live feature use not inferred from synthetic regression.","PR #17; current release evidence"
"ADM-11","Reporting, analytics, and administration","Data retention/export policy","Proposed","Decision required","P1","Retention by record class documented before deletion tools exist.","PROPOSED","Inspect; preserve existing behavior; no implementation expansion from this row.","","INSPECTED_NOT_FOUND","worker.ts scheduled; worker.ts cleanExpiredSecurityRecords; SECURITY-IMPLEMENTATION.md","None","Baseline inspection at DEP-01/DEP-02; no claim this target is deployed. See BASELINE-EVIDENCE-2026-09-21.md.","NOT_VERIFIED: no member/admin transaction, live record read, real-device ceremony or live capacity test.","NOT_IMPLEMENTED","Bounded expired-auth cleanup exists; comprehensive record-class retention/export policy not established.","3357cad7bfe8e7ae50475718e8542e9fba83933f","2026-09-21","PRESERVED / CI PASSED","Existing application suites passed on identity candidate.","Live feature use not inferred from synthetic regression.","PR #17; current release evidence"
"ADM-12","Reporting, analytics, and administration","Member deletion/deactivation","Required","Unverified","P1","Deactivate access while preserving required transactional history and privacy boundaries.","PROPOSED","Inspect; preserve existing behavior; no implementation expansion from this row.","","TESTED","lib/pilot/service.ts member action; lib/pilot/rewards.ts privacy filters","L:pilot,profiles-experience","DEP-01 main; DEP-02 for guest gear. Build logs match active Worker version IDs and base commit. Feature activation/data not read.","NOT_VERIFIED: no member/admin transaction, live record read, real-device ceremony or live capacity test.","PARTIAL","Disable preserves financial history and hides ineligible profiles; pending-ceremony invalidation and policy for deletion remain gaps.","3357cad7bfe8e7ae50475718e8542e9fba83933f","2026-09-21","PRESERVED / CI PASSED","Existing application suites passed on identity candidate.","Live feature use not inferred from synthetic regression.","PR #17; current release evidence"
"PSP-01","Payment processor and future commerce engine","Processor selection","Proposed: Square favored","No final selection","P0","Owner approves provider, account ownership, fees, tax approach, settlement bank, and terms.","DEFERRED","Outside identity scope; requires a separate work order and decisions.","","INSPECTED_NOT_FOUND","lib/pilot/service.ts processor connected:false; package.json","None","Baseline inspection at DEP-01/DEP-02; no claim this target is deployed. See BASELINE-EVIDENCE-2026-09-21.md.","NOT_VERIFIED: no member/admin transaction, live record read, real-device ceremony or live capacity test.","NOT_IMPLEMENTED","No connected processor; pay subdomain points to external payment service, purpose/account ownership not audited (E-08).","3357cad7bfe8e7ae50475718e8542e9fba83933f","2026-09-21","PRESERVED / CI PASSED","Existing application suites passed on identity candidate.","Live feature use not inferred from synthetic regression.","PR #17; current release evidence"
"PSP-02","Payment processor and future commerce engine","Hosted/tokenized wallet checkout","Future","Not implemented/verified","P0","Apple Pay/Google Pay through provider; no raw card data handled by app.","DEFERRED","Outside identity scope; requires a separate work order and decisions.","","INSPECTED_NOT_FOUND","app/store/payment-forms.tsx; package.json","None","Baseline inspection at DEP-01/DEP-02; no claim this target is deployed. See BASELINE-EVIDENCE-2026-09-21.md.","NOT_VERIFIED: no member/admin transaction, live record read, real-device ceremony or live capacity test.","NOT_IMPLEMENTED","No hosted Apple Pay/Google Pay integration found.","3357cad7bfe8e7ae50475718e8542e9fba83933f","2026-09-21","PRESERVED / CI PASSED","Existing application suites passed on identity candidate.","Live feature use not inferred from synthetic regression.","PR #17; current release evidence"
"PSP-03","Payment processor and future commerce engine","Cash App Pay through processor","Future","Not implemented/verified","P2","Provider-supported flow reconciles to internal order.","DEFERRED","Outside identity scope; requires a separate work order and decisions.","","INSPECTED_NOT_FOUND","lib/cashapp.ts; lib/pilot/transactions.ts","None","Baseline inspection at DEP-01/DEP-02; no claim this target is deployed. See BASELINE-EVIDENCE-2026-09-21.md.","NOT_VERIFIED: no member/admin transaction, live record read, real-device ceremony or live capacity test.","NOT_IMPLEMENTED","Cash App handoff/manual confirmation is not Cash App Pay processor integration.","3357cad7bfe8e7ae50475718e8542e9fba83933f","2026-09-21","PRESERVED / CI PASSED","Existing application suites passed on identity candidate.","Live feature use not inferred from synthetic regression.","PR #17; current release evidence"
"PSP-04","Payment processor and future commerce engine","Provider adapter","Future architecture","Not implemented/verified","P0","Domain code does not depend directly on provider payloads.","DEFERRED","Outside identity scope; requires a separate work order and decisions.","","INSPECTED_NOT_FOUND","lib/pilot/service.ts; lib/pilot/transactions.ts","None","Baseline inspection at DEP-01/DEP-02; no claim this target is deployed. See BASELINE-EVIDENCE-2026-09-21.md.","NOT_VERIFIED: no member/admin transaction, live record read, real-device ceremony or live capacity test.","NOT_IMPLEMENTED","Disconnected processor descriptor only; no implemented provider adapter found.","3357cad7bfe8e7ae50475718e8542e9fba83933f","2026-09-21","PRESERVED / CI PASSED","Existing application suites passed on identity candidate.","Live feature use not inferred from synthetic regression.","PR #17; current release evidence"
"PSP-05","Payment processor and future commerce engine","Webhook verification","Future required","Not implemented/verified","P0","Raw-body signature validation, timestamp/replay controls, event storage.","DEFERRED","Outside identity scope; requires a separate work order and decisions.","","INSPECTED_NOT_FOUND","worker.ts POST allowlist; app/api route inventory","None","Baseline inspection at DEP-01/DEP-02; no claim this target is deployed. See BASELINE-EVIDENCE-2026-09-21.md.","NOT_VERIFIED: no member/admin transaction, live record read, real-device ceremony or live capacity test.","NOT_IMPLEMENTED","No payment webhook route or signature-verification flow found.","3357cad7bfe8e7ae50475718e8542e9fba83933f","2026-09-21","PRESERVED / CI PASSED","Existing application suites passed on identity candidate.","Live feature use not inferred from synthetic regression.","PR #17; current release evidence"
"PSP-06","Payment processor and future commerce engine","Idempotent event processing","Future required","Not implemented/verified","P0","Duplicate/out-of-order events cannot duplicate payment or stock movement.","DEFERRED","Outside identity scope; requires a separate work order and decisions.","","INSPECTED_NOT_FOUND","lib/pilot/operation.ts; lib/pilot/transactions.ts","None","Baseline inspection at DEP-01/DEP-02; no claim this target is deployed. See BASELINE-EVIDENCE-2026-09-21.md.","NOT_VERIFIED: no member/admin transaction, live record read, real-device ceremony or live capacity test.","NOT_IMPLEMENTED","Existing app request idempotency does not implement provider event ordering/deduplication.","3357cad7bfe8e7ae50475718e8542e9fba83933f","2026-09-21","PRESERVED / CI PASSED","Existing application suites passed on identity candidate.","Live feature use not inferred from synthetic regression.","PR #17; current release evidence"
"PSP-07","Payment processor and future commerce engine","Settlement reconciliation","Future","Not implemented/verified","P0","Orders, processor payments, fees, refunds, and deposits reconcile.","DEFERRED","Outside identity scope; requires a separate work order and decisions.","","INSPECTED_NOT_FOUND","lib/pilot/history.ts; lib/pilot/transactions.ts","None","Baseline inspection at DEP-01/DEP-02; no claim this target is deployed. See BASELINE-EVIDENCE-2026-09-21.md.","NOT_VERIFIED: no member/admin transaction, live record read, real-device ceremony or live capacity test.","NOT_IMPLEMENTED","Manual receipts/refunds tracked; no processor fee/deposit settlement reconciliation.","3357cad7bfe8e7ae50475718e8542e9fba83933f","2026-09-21","PRESERVED / CI PASSED","Existing application suites passed on identity candidate.","Live feature use not inferred from synthetic regression.","PR #17; current release evidence"
"PSP-08","Payment processor and future commerce engine","Sales tax configuration","Future/decision-dependent","Legal/product rule unresolved","P0","Item-level approved rules; platform capability does not substitute for tax decision.","DEFERRED","Outside identity scope; requires a separate work order and decisions.","","TESTED","lib/pilot/pricing.ts; lib/pilot/orders.ts; PRODUCT-SCHEMA.sql","L:beta","DEP-01 main; DEP-02 for guest gear. Build logs match active Worker version IDs and base commit. Feature activation/data not read.","NOT_VERIFIED: no member/admin transaction, live record read, real-device ceremony or live capacity test.","PARTIAL","Per-item tax basis points and order snapshots present; owner tax policy/processor treatment outside audit.","3357cad7bfe8e7ae50475718e8542e9fba83933f","2026-09-21","PRESERVED / CI PASSED","Existing application suites passed on identity candidate.","Live feature use not inferred from synthetic regression.","PR #17; current release evidence"
"PSP-09","Payment processor and future commerce engine","Chargeback/dispute handling","Future","Not implemented/verified","P1","Dispute status and financial adjustment are auditable.","DEFERRED","Outside identity scope; requires a separate work order and decisions.","","INSPECTED_NOT_FOUND","lib/pilot/transactions.ts; ROUNDS-SCHEMA.sql","None","Baseline inspection at DEP-01/DEP-02; no claim this target is deployed. See BASELINE-EVIDENCE-2026-09-21.md.","NOT_VERIFIED: no member/admin transaction, live record read, real-device ceremony or live capacity test.","NOT_IMPLEMENTED","Manual correction/refund is not provider dispute/chargeback handling.","3357cad7bfe8e7ae50475718e8542e9fba83933f","2026-09-21","PRESERVED / CI PASSED","Existing application suites passed on identity candidate.","Live feature use not inferred from synthetic regression.","PR #17; current release evidence"
"PSP-10","Payment processor and future commerce engine","Processor outage fallback","Future","Not implemented/verified","P1","Manual method remains available with clear pending state and no duplicate charge.","DEFERRED","Outside identity scope; requires a separate work order and decisions.","","INSPECTED_NOT_FOUND","app/store/payment-forms.tsx; lib/pilot/transactions.ts","None","Baseline inspection at DEP-01/DEP-02; no claim this target is deployed. See BASELINE-EVIDENCE-2026-09-21.md.","NOT_VERIFIED: no member/admin transaction, live record read, real-device ceremony or live capacity test.","NOT_IMPLEMENTED","Manual methods exist; no connected processor or outage/failover behavior to test.","3357cad7bfe8e7ae50475718e8542e9fba83933f","2026-09-21","PRESERVED / CI PASSED","Existing application suites passed on identity candidate.","Live feature use not inferred from synthetic regression.","PR #17; current release evidence"
"SEC-01","Security, reliability, and delivery","Server-side authorization","Required","Prior audit asked; evidence absent","P0","Every protected operation has role/ownership enforcement and deny tests.","PROPOSED","Inspect; preserve existing behavior; no implementation expansion from this row.","","TESTED","app/api route inventory; lib/pilot/core.ts; lib/security/admin-access.ts","L:pilot,beta,http-security; CI:security,hardening","DEP-01 main; DEP-02 for guest gear. Build logs match active Worker version IDs and base commit. Feature activation/data not read.","NOT_VERIFIED: no member/admin transaction, live record read, real-device ceremony or live capacity test.","PARTIAL","Current role/ownership/transaction guards present; future host/capability checks absent and exhaustive proof not claimed.","3357cad7bfe8e7ae50475718e8542e9fba83933f","2026-09-21","PRESERVED / CI PASSED","Existing application suites passed on identity candidate.","Live feature use not inferred from synthetic regression.","PR #17; current release evidence"
"SEC-02","Security, reliability, and delivery","CSRF/session protections","Required","Unverified","P0","Framework-appropriate protections verified.","PROPOSED","Inspect; preserve existing behavior; no implementation expansion from this row.","","TESTED","lib/auth/session.ts; lib/security/http.ts; app/api/auth/route.ts","L:http-security; CI:security,auth-integration","DEP-01 main; DEP-02 for guest gear. Build logs match active Worker version IDs and base commit. Feature activation/data not read.","NOT_VERIFIED: no member/admin transaction, live record read, real-device ceremony or live capacity test.","PARTIAL","Host-only Secure cookies and exact-Origin POST guards; no new action-bound CSRF tokens; GET admin/access mutates verification.","3357cad7bfe8e7ae50475718e8542e9fba83933f","2026-09-21","PRESERVED / CI PASSED","Existing application suites passed on identity candidate.","Live feature use not inferred from synthetic regression.","PR #17; current release evidence"
"SEC-03","Security, reliability, and delivery","Rate limiting and abuse control","Required","Unverified","P1","Login/code, checkout, admin, and webhook routes have appropriate controls.","PROPOSED","Inspect; preserve existing behavior; no implementation expansion from this row.","","TESTED","lib/auth/session.ts rateLimit; app/api/auth/route.ts; lib/guest/worker.ts","CI:security,hardening","DEP-01 main; DEP-02 for guest gear. Build logs match active Worker version IDs and base commit. Feature activation/data not read.","NOT_VERIFIED: no member/admin transaction, live record read, real-device ceremony or live capacity test.","PARTIAL","Per-IP/account/member/upload/pending limits present; shared-NAT capacity untested; webhook not implemented.","3357cad7bfe8e7ae50475718e8542e9fba83933f","2026-09-21","PRESERVED / CI PASSED","Existing application suites passed on identity candidate.","Live feature use not inferred from synthetic regression.","PR #17; current release evidence"
"SEC-04","Security, reliability, and delivery","Security headers","Required","Unverified","P1","CSP and other headers match application needs without unsafe blanket exceptions.","PROPOSED","Inspect; preserve existing behavior; no implementation expansion from this row.","","TESTED","worker.ts; lib/security/http.ts; lib/guest/worker.ts","L:http-security; CI:security","DEP-01 main; DEP-02 for guest gear. Build logs match active Worker version IDs and base commit. Feature activation/data not read.","/login HEAD 200 private,no-store with CSP. No exhaustive route/header sweep.","IMPLEMENTED","Nonce CSP/HSTS/framing/no-store observed on login response; legacy Pages README lacks same headers (F-01).","3357cad7bfe8e7ae50475718e8542e9fba83933f","2026-09-21","PRESERVED / CI PASSED","Existing application suites passed on identity candidate.","Live feature use not inferred from synthetic regression.","PR #17; current release evidence"
"SEC-05","Security, reliability, and delivery","Secret management","Required","Unverified","P0","Secrets reside only in approved environment stores; rotation process documented.","PROPOSED","Inspect; preserve existing behavior; no implementation expansion from this row.","","TESTED","wrangler.json; gear/wrangler.json; scripts/security-preflight.mjs; SECURITY-IMPLEMENTATION.md","L:security-preflight; CI:secret-scan","DEP-01 main; DEP-02 for guest gear. Build logs match active Worker version IDs and base commit. Feature activation/data not read.","NOT_VERIFIED: no member/admin transaction, live record read, real-device ceremony or live capacity test.","PARTIAL","Runtime secret names/settings verified; bootstrap secret absent; custody/rotation drill/build-token scope not inspected.","3357cad7bfe8e7ae50475718e8542e9fba83933f","2026-09-21","PRESERVED / CI PASSED","Existing application suites passed on identity candidate.","Live feature use not inferred from synthetic regression.","PR #17; current release evidence"
"SEC-06","Security, reliability, and delivery","Backups and restore test","Required","Unverified","P0","Restore is tested and recovery objectives are documented.","PROPOSED","Inspect; preserve existing behavior; no implementation expansion from this row.","","TESTED","scripts/backup-database.mjs; scripts/backup-crypto.mjs; scripts/verify-backup.mjs; SECURITY-IMPLEMENTATION.md","L:backup","DEP-01 main; DEP-02 for guest gear. Build logs match active Worker version IDs and base commit. Feature activation/data not read.","NOT_VERIFIED: no member/admin transaction, live record read, real-device ceremony or live capacity test.","PARTIAL","Encrypted synthetic round-trip passes; no protected production recovery/R2 drill or accepted RPO/RTO/custody.","3357cad7bfe8e7ae50475718e8542e9fba83933f","2026-09-21","PARTIAL / REAL RECOVERY TESTED","Protected full D1/R2 restore, key retrieval and owner-attested account access completed.","Older identity-revocation restore and app recovery smoke pending.","PR #17; current release evidence"
"SEC-07","Security, reliability, and delivery","Structured safe logging","Required","Unverified","P1","Correlation IDs and actionable events without secrets or excess personal data.","PROPOSED","Inspect; preserve existing behavior; no implementation expansion from this row.","","OBSERVED_IN_CODE","wrangler.json; gear/wrangler.json; lib/pilot/core.ts audit","None","DEP-01 main; DEP-02 for guest gear. Build logs match active Worker version IDs and base commit. Feature activation/data not read.","NOT_VERIFIED: no member/admin transaction, live record read, real-device ceremony or live capacity test.","PARTIAL","Live main observability.enabled=false; gear true with query redaction false; no complete safe auth event/correlation design.","3357cad7bfe8e7ae50475718e8542e9fba83933f","2026-09-21","PRESERVED / CI PASSED","Existing application suites passed on identity candidate.","Live feature use not inferred from synthetic regression.","PR #17; current release evidence"
"SEC-08","Security, reliability, and delivery","Error monitoring","Required","Unverified","P1","Production failures alert admins without exposing internals to members.","PROPOSED","Inspect; preserve existing behavior; no implementation expansion from this row.","","OBSERVED_IN_CODE","worker.ts; lib/guest/worker.ts; SECURITY-IMPLEMENTATION.md","None","Baseline inspection at DEP-01/DEP-02; no claim this target is deployed. See BASELINE-EVIDENCE-2026-09-21.md.","NOT_VERIFIED: no member/admin transaction, live record read, real-device ceremony or live capacity test.","UNKNOWN","Generic safe errors exist; no verified production alert destination, notification policy or incident exercise.","3357cad7bfe8e7ae50475718e8542e9fba83933f","2026-09-21","PRESERVED / CI PASSED","Existing application suites passed on identity candidate.","Live feature use not inferred from synthetic regression.","PR #17; current release evidence"
"SEC-09","Security, reliability, and delivery","Dependency and secret scanning","Proposed baseline","Unverified","P1","CI blocks known severe issues according to documented policy.","PROPOSED","Inspect; preserve existing behavior; no implementation expansion from this row.","","TESTED",".github/workflows/security.yml; pnpm-lock.yaml; pnpm-workspace.yaml","L:dependency-audit; CI:dependency-audit,secret-scan","DEP-01 main; DEP-02 for guest gear. Build logs match active Worker version IDs and base commit. Feature activation/data not read.","NOT_VERIFIED: no member/admin transaction, live record read, real-device ceremony or live capacity test.","IMPLEMENTED","Current local high-severity audit reports no known vulnerabilities; exact-SHA CI secret scan passed; README advisory note is stale.","3357cad7bfe8e7ae50475718e8542e9fba83933f","2026-09-21","PRESERVED / CI PASSED","Existing application suites passed on identity candidate.","Live feature use not inferred from synthetic regression.","PR #17; current release evidence"
"SEC-10","Security, reliability, and delivery","Branch protection and required checks","Proposed baseline","Unverified","P0","Production branch requires review and passing checks.","PROPOSED","Inspect; preserve existing behavior; no implementation expansion from this row.","","TESTED",".github/workflows/security.yml; GitHub main branch API","CI:all-three-jobs","DEP-01 main; DEP-02 for guest gear. Build logs match active Worker version IDs and base commit. Feature activation/data not read.","NOT_VERIFIED: no member/admin transaction, live record read, real-device ceremony or live capacity test.","PARTIAL","main protected and three checks required for non-admins; review/admin-bypass details unavailable (403); ruleset list empty.","3357cad7bfe8e7ae50475718e8542e9fba83933f","2026-09-21","PRESERVED / CI PASSED","Existing application suites passed on identity candidate.","Live feature use not inferred from synthetic regression.","PR #17; current release evidence"
"OPS-01","Security, reliability, and delivery","Development environment","Required","Unverified","P0","Isolated data and credentials; safe seed fixtures.","PROPOSED","Inspect; preserve existing behavior; no implementation expansion from this row.","","TESTED","tests/security-fixtures.mjs; tests/pilot.mjs; scripts/restore-assets.mjs","L:13-suites,typecheck","DEP-01 main; DEP-02 for guest gear. Build logs match active Worker version IDs and base commit. Feature activation/data not read.","NOT_VERIFIED: no member/admin transaction, live record read, real-device ceremony or live capacity test.","PARTIAL","Synthetic isolated tests run; Windows ESM/asset URL paths and sandbox esbuild permissions prevent full local parity (F-09).","3357cad7bfe8e7ae50475718e8542e9fba83933f","2026-09-21","PRESERVED / CI PASSED","Existing application suites passed on identity candidate.","Live feature use not inferred from synthetic regression.","PR #17; current release evidence"
"OPS-02","Security, reliability, and delivery","Preview environment per PR","Recommended","Unverified","P1","Non-production preview supports browser acceptance tests.","PROPOSED","Inspect; preserve existing behavior; no implementation expansion from this row.","","OBSERVED_IN_CODE","gear/wrangler.json; wrangler.json; live Pages project config","None","DEP-01 main; DEP-02 for guest gear. Build logs match active Worker version IDs and base commit. Feature activation/data not read.","Legacy Pages /README.md HEAD 200 on canonical and deployment URLs; no app/data test.","PARTIAL","Worker previews disabled; legacy Pages automatically serves repository files for all branches with no app build/bindings. Not a validated app preview.","3357cad7bfe8e7ae50475718e8542e9fba83933f","2026-09-21","LIVE CONFIGURATION VERIFIED","Legacy Pages deleted with explicit owner approval; both workers.dev/previews disabled.","Recheck following deployment.","PR #17; current release evidence"
"OPS-03","Security, reliability, and delivery","Production deployment pipeline","Reported via Cloudflare/GitHub","Exact pipeline unverified","P0","Only reviewed default-branch commit deploys; status and rollback visible.","REPORTED","Inspect; preserve existing behavior; no implementation expansion from this row.","","TESTED","scripts/deploy.mjs; scripts/deploy-gear.mjs; live Workers Builds triggers","CI:application-tests; DEP-01,DEP-02","DEP-01 main; DEP-02 for guest gear. Build logs match active Worker version IDs and base commit. Feature activation/data not read.","NOT_VERIFIED: no member/admin transaction, live record read, real-device ceremony or live capacity test.","PARTIAL","Both main Workers auto-deploy; Pages also deploys main/all previews. No separate release gate or dependency ordering proved.","3357cad7bfe8e7ae50475718e8542e9fba83933f","2026-09-21","PRESERVED / CI PASSED","Existing application suites passed on identity candidate.","Live feature use not inferred from synthetic regression.","PR #17; current release evidence"
"OPS-04","Security, reliability, and delivery","Rollback procedure","Required","Unverified","P0","Tested app rollback and compatible data-recovery strategy.","PROPOSED","Inspect; preserve existing behavior; no implementation expansion from this row.","","TESTED","SECURITY-IMPLEMENTATION.md; scripts/verify-backup.mjs; scripts/deploy.mjs","L:backup,shop-migration","DEP-01 main; DEP-02 for guest gear. Build logs match active Worker version IDs and base commit. Feature activation/data not read.","NOT_VERIFIED: no member/admin transaction, live record read, real-device ceremony or live capacity test.","PARTIAL","Rollback guidance and idempotent schema fixtures exist; no current app/data/revocation recovery drill.","3357cad7bfe8e7ae50475718e8542e9fba83933f","2026-09-21","PRESERVED / CI PASSED","Existing application suites passed on identity candidate.","Live feature use not inferred from synthetic regression.","PR #17; current release evidence"
"OPS-05","Security, reliability, and delivery","Health/readiness checks","Required","Unverified","P1","Detect app/database/integration failure without exposing sensitive details.","PROPOSED","Inspect; preserve existing behavior; no implementation expansion from this row.","","TESTED","lib/guest/worker.ts /api/status; worker.ts; lib/pilot/core.ts","CI:roadmap-http,hardening","DEP-01 main; DEP-02 for guest gear. Build logs match active Worker version IDs and base commit. Feature activation/data not read.","NOT_VERIFIED: no member/admin transaction, live record read, real-device ceremony or live capacity test.","PARTIAL","Gear open status and safe unavailable errors exist; no comprehensive protected readiness/integration monitor demonstrated.","3357cad7bfe8e7ae50475718e8542e9fba83933f","2026-09-21","PRESERVED / CI PASSED","Existing application suites passed on identity candidate.","Live feature use not inferred from synthetic regression.","PR #17; current release evidence"
"OPS-06","Security, reliability, and delivery","Mobile/desktop test checklist","Previously requested","Current artifact/status unknown","P1","Repeatable checklist is part of release evidence.","PROPOSED","Inspect; preserve existing behavior; no implementation expansion from this row.","","TESTED","README.md; docs/rewards-release-handoff.md; tests/ui-contracts.mjs","CI:ui-contracts,experience-http","DEP-01 main; DEP-02 for guest gear. Build logs match active Worker version IDs and base commit. Feature activation/data not read.","NOT_VERIFIED: no member/admin transaction, live record read, real-device ceremony or live capacity test.","PARTIAL","Regression instructions and UI tests exist; current iOS/Android/desktop acceptance checklist not executed.","3357cad7bfe8e7ae50475718e8542e9fba83933f","2026-09-21","PRESERVED / CI PASSED","Existing application suites passed on identity candidate.","Live feature use not inferred from synthetic regression.","PR #17; current release evidence"
"OUT-01","Explicitly rejected or deferred concepts","Amazon Go computer vision/sensor fusion","Out of scope","Unverified","Not assigned","Excess cost and complexity for a trusted unit setting.","DEFERRED","Historical rejected/deferred concept; do not revive in this access project.","","INSPECTED_NOT_FOUND","package.json; app and lib file inventory","None","Baseline inspection at DEP-01/DEP-02; no claim this target is deployed. See BASELINE-EVIDENCE-2026-09-21.md.","NOT_VERIFIED: no member/admin transaction, live record read, real-device ceremony or live capacity test.","EXCLUDED","No computer-vision/sensor fusion implementation found; preserve exclusion.","3357cad7bfe8e7ae50475718e8542e9fba83933f","2026-09-21","PRESERVED / CI PASSED","Existing application suites passed on identity candidate.","Live feature use not inferred from synthetic regression.","PR #17; current release evidence"
"OUT-02","Explicitly rejected or deferred concepts","RFID-based automatic item detection","Out of scope","Unverified","Not assigned","Unnecessary hardware and operating burden.","DEFERRED","Historical rejected/deferred concept; do not revive in this access project.","","INSPECTED_NOT_FOUND","package.json; app and lib file inventory","None","Baseline inspection at DEP-01/DEP-02; no claim this target is deployed. See BASELINE-EVIDENCE-2026-09-21.md.","NOT_VERIFIED: no member/admin transaction, live record read, real-device ceremony or live capacity test.","EXCLUDED","No RFID hardware integration found; preserve exclusion.","3357cad7bfe8e7ae50475718e8542e9fba83933f","2026-09-21","PRESERVED / CI PASSED","Existing application suites passed on identity candidate.","Live feature use not inferred from synthetic regression.","PR #17; current release evidence"
"OUT-03","Explicitly rejected or deferred concepts","Dedicated kiosk/tablet/register","Out of scope","Unverified","Not assigned","Members’ phones are the intended interface.","DEFERRED","Historical rejected/deferred concept; do not revive in this access project.","","INSPECTED_NOT_FOUND","app/pilot.tsx; README.md","None","Baseline inspection at DEP-01/DEP-02; no claim this target is deployed. See BASELINE-EVIDENCE-2026-09-21.md.","NOT_VERIFIED: no member/admin transaction, live record read, real-device ceremony or live capacity test.","EXCLUDED","Phone/browser flow; no dedicated kiosk/register integration found.","3357cad7bfe8e7ae50475718e8542e9fba83933f","2026-09-21","PRESERVED / CI PASSED","Existing application suites passed on identity candidate.","Live feature use not inferred from synthetic regression.","PR #17; current release evidence"
"OUT-04","Explicitly rejected or deferred concepts","Toast restaurant workflow","Not preferred","Unverified","Not assigned","Kitchen/table/hardware assumptions do not match the micro-market.","DEFERRED","Historical rejected/deferred concept; do not revive in this access project.","","INSPECTED_NOT_FOUND","package.json; app and lib file inventory","None","Baseline inspection at DEP-01/DEP-02; no claim this target is deployed. See BASELINE-EVIDENCE-2026-09-21.md.","NOT_VERIFIED: no member/admin transaction, live record read, real-device ceremony or live capacity test.","EXCLUDED","No Toast restaurant integration found.","3357cad7bfe8e7ae50475718e8542e9fba83933f","2026-09-21","PRESERVED / CI PASSED","Existing application suites passed on identity candidate.","Live feature use not inferred from synthetic regression.","PR #17; current release evidence"
"OUT-05","Explicitly rejected or deferred concepts","Raw card-number entry in custom UI","Out of scope","Unverified","Not assigned","Use provider-hosted/tokenized wallet checkout.","DEFERRED","Historical rejected/deferred concept; do not revive in this access project.","","INSPECTED_NOT_FOUND","app/store/payment-forms.tsx; package.json","None","Baseline inspection at DEP-01/DEP-02; no claim this target is deployed. See BASELINE-EVIDENCE-2026-09-21.md.","NOT_VERIFIED: no member/admin transaction, live record read, real-device ceremony or live capacity test.","EXCLUDED","No custom raw-card entry/storage flow found; current payments are manual.","3357cad7bfe8e7ae50475718e8542e9fba83933f","2026-09-21","PRESERVED / CI PASSED","Existing application suites passed on identity candidate.","Live feature use not inferred from synthetic regression.","PR #17; current release evidence"
"OUT-06","Explicitly rejected or deferred concepts","“Email received” equals “payment final”","Prohibited design","Unverified","Not assigned","Email is forgeable/delayed and is not authoritative settlement evidence.","DEFERRED","Historical rejected/deferred concept; do not revive in this access project.","","TESTED","lib/pilot/transactions.ts; app/store/payment-forms.tsx","L:rounds-1-2","Baseline inspection at DEP-01/DEP-02; no claim this target is deployed. See BASELINE-EVIDENCE-2026-09-21.md.","NOT_VERIFIED: no member/admin transaction, live record read, real-device ceremony or live capacity test.","EXCLUDED","Payment reports require authorized confirmation; no received-email settlement shortcut.","3357cad7bfe8e7ae50475718e8542e9fba83933f","2026-09-21","PRESERVED / CI PASSED","Existing application suites passed on identity candidate.","Live feature use not inferred from synthetic regression.","PR #17; current release evidence"
"OUT-07","Explicitly rejected or deferred concepts","Collective-purchasing fiction for resale","Out of scope","Unverified","Not assigned","Product should represent the operation accurately.","DEFERRED","Historical rejected/deferred concept; do not revive in this access project.","","INSPECTED_NOT_FOUND","README.md; app/pilot.tsx","None","Baseline inspection at DEP-01/DEP-02; no claim this target is deployed. See BASELINE-EVIDENCE-2026-09-21.md.","NOT_VERIFIED: no member/admin transaction, live record read, real-device ceremony or live capacity test.","EXCLUDED","No collective-purchasing legal workaround implemented; organizational/legal status not evaluated.","3357cad7bfe8e7ae50475718e8542e9fba83933f","2026-09-21","PRESERVED / CI PASSED","Existing application suites passed on identity candidate.","Live feature use not inferred from synthetic regression.","PR #17; current release evidence"
"OUT-08","Explicitly rejected or deferred concepts","Automatic RKF/nonprofit branding claim","Deferred","Unverified","Not assigned","Organizational relationship remains unresolved.","DEFERRED","Historical rejected/deferred concept; do not revive in this access project.","","INSPECTED_NOT_FOUND","README.md; app/pilot.tsx","None","Baseline inspection at DEP-01/DEP-02; no claim this target is deployed. See BASELINE-EVIDENCE-2026-09-21.md.","NOT_VERIFIED: no member/admin transaction, live record read, real-device ceremony or live capacity test.","EXCLUDED","No automatic RKF/nonprofit integration found; actual organizational relationship not established.","3357cad7bfe8e7ae50475718e8542e9fba83933f","2026-09-21","PRESERVED / CI PASSED","Existing application suites passed on identity candidate.","Live feature use not inferred from synthetic regression.","PR #17; current release evidence"
"IDN-01","Consolidated identity requirements","Separate auth/register/admin hosts","Consolidated review","Not implemented/tested in this review","P0/P1 by work order","See docs/07-ACCEPTANCE-TESTS.md: AT-02,AT-20,AT-42","OWNER-DECISION","Discover existing implementation; implement only under accepted dependent decisions and scoped authorization.","D-01","INSPECTED_NOT_FOUND","wrangler.json; gear/wrangler.json; live routes/DNS/Access","None","Baseline inspection at DEP-01/DEP-02; no claim this target is deployed. See BASELINE-EVIDENCE-2026-09-21.md.","NOT_VERIFIED: no member/admin transaction, live record read, real-device ceremony or live capacity test.","NOT_IMPLEMENTED","Only apex and gear Workers; auth/register/admin hosts absent. Accepted D-01 remains to implement.","3357cad7bfe8e7ae50475718e8542e9fba83933f","2026-09-21","IMPLEMENTED / MOCK-ONLY","lib/identity; IDENTITY-SCHEMA.sql; identity and protocol/HTTP suites; current acceptance CSV.","Real provider, device and administrator rollout checks pending.","PR #17; current release evidence"
"IDN-02","Consolidated identity requirements","Self-service additions after fresh proof","Consolidated review","Not implemented/tested in this review","P0/P1 by work order","See docs/07-ACCEPTANCE-TESTS.md: AT-28,AT-29,AT-30","OWNER-DECISION","Discover existing implementation; implement only under accepted dependent decisions and scoped authorization.","D-02","INSPECTED_NOT_FOUND","app/api/auth/route.ts changePassword; AUTH-SCHEMA.sql","None","Baseline inspection at DEP-01/DEP-02; no claim this target is deployed. See BASELINE-EVIDENCE-2026-09-21.md.","NOT_VERIFIED: no member/admin transaction, live record read, real-device ceremony or live capacity test.","NOT_IMPLEMENTED","Current-password change exists; no provider/passkey addition or fresh action-bound grant. Accepted D-02 remains to implement.","3357cad7bfe8e7ae50475718e8542e9fba83933f","2026-09-21","IMPLEMENTED / MOCK-ONLY","lib/identity; IDENTITY-SCHEMA.sql; identity and protocol/HTTP suites; current acceptance CSV.","Real provider, device and administrator rollout checks pending.","PR #17; current release evidence"
"IDN-03","Consolidated identity requirements","Microsoft personal accounts only","Consolidated review","Not implemented/tested in this review","P0/P1 by work order","See docs/07-ACCEPTANCE-TESTS.md: AT-07,AT-09","OWNER-DECISION","Discover existing implementation; implement only under accepted dependent decisions and scoped authorization.","D-03","INSPECTED_NOT_FOUND","app/api/auth/route.ts; package.json; live Access IdPs","None","Baseline inspection at DEP-01/DEP-02; no claim this target is deployed. See BASELINE-EVIDENCE-2026-09-21.md.","NOT_VERIFIED: no member/admin transaction, live record read, real-device ceremony or live capacity test.","NOT_IMPLEMENTED","No Microsoft member login/client; consumer-only validation not implemented. Accepted D-03 remains to implement.","3357cad7bfe8e7ae50475718e8542e9fba83933f","2026-09-21","IMPLEMENTED / MOCK-ONLY","lib/identity; IDENTITY-SCHEMA.sql; identity and protocol/HTTP suites; current acceptance CSV.","Real provider, device and administrator rollout checks pending.","PR #17; current release evidence"
"IDN-04","Consolidated identity requirements","Peer Google/Microsoft/passkey choices","Consolidated review","Not implemented/tested in this review","P0/P1 by work order","See docs/07-ACCEPTANCE-TESTS.md: AT-01,AT-36","PROPOSED","Discover existing implementation; implement only under accepted dependent decisions and scoped authorization.","D-04","INSPECTED_NOT_FOUND","app/login/page.tsx; app/api/auth/route.ts","None","Baseline inspection at DEP-01/DEP-02; no claim this target is deployed. See BASELINE-EVIDENCE-2026-09-21.md.","Read-only /login browser inspection: email/password; First Time/Forgot password/Use recovery code.","NOT_IMPLEMENTED","Production login displays legacy email/password/setup/recovery; no peer provider/passkey choices. D-04 proposed.","3357cad7bfe8e7ae50475718e8542e9fba83933f","2026-09-21","IMPLEMENTED / MOCK-ONLY","lib/identity; IDENTITY-SCHEMA.sql; identity and protocol/HTTP suites; current acceptance CSV.","Real provider, device and administrator rollout checks pending.","PR #17; current release evidence"
"IDN-05","Consolidated identity requirements","Provider-specific safe bootstrap","Consolidated review","Not implemented/tested in this review","P0/P1 by work order","See docs/07-ACCEPTANCE-TESTS.md: AT-04,AT-05,AT-08","TECHNICAL-CORRECTION","Discover existing implementation; implement only under accepted dependent decisions and scoped authorization.","D-12","INSPECTED_NOT_FOUND","lib/pilot/service.ts identity; app/api/auth/route.ts","None","Baseline inspection at DEP-01/DEP-02; no claim this target is deployed. See BASELINE-EVIDENCE-2026-09-21.md.","NOT_VERIFIED: no member/admin transaction, live record read, real-device ceremony or live capacity test.","NOT_IMPLEMENTED","No provider subject links/bootstrap; legacy email fallback must not be reused for new providers (F-02). D-12/E-07 open.","3357cad7bfe8e7ae50475718e8542e9fba83933f","2026-09-21","IMPLEMENTED / MOCK-ONLY","lib/identity; IDENTITY-SCHEMA.sql; identity and protocol/HTTP suites; current acceptance CSV.","Real provider, device and administrator rollout checks pending.","PR #17; current release evidence"
"IDN-06","Consolidated identity requirements","Conservative email matching","Consolidated review","Not implemented/tested in this review","P0/P1 by work order","See docs/07-ACCEPTANCE-TESTS.md: AT-13","TECHNICAL-CORRECTION","Discover existing implementation; implement only under accepted dependent decisions and scoped authorization.","D-13","INSPECTED_NOT_FOUND","lib/pilot/service.ts; lib/pilot/email-changes.ts; app/api/auth/route.ts","None","Baseline inspection at DEP-01/DEP-02; no claim this target is deployed. See BASELINE-EVIDENCE-2026-09-21.md.","NOT_VERIFIED: no member/admin transaction, live record read, real-device ceremony or live capacity test.","NOT_IMPLEMENTED","Legacy code lowercases whole email; no separate conservative new-identity matching key. D-13 proposed.","3357cad7bfe8e7ae50475718e8542e9fba83933f","2026-09-21","IMPLEMENTED / MOCK-ONLY","lib/identity; IDENTITY-SCHEMA.sql; identity and protocol/HTTP suites; current acceptance CSV.","Real provider, device and administrator rollout checks pending.","PR #17; current release evidence"
"IDN-07","Consolidated identity requirements","One-use provider-scoped bootstrap grants","Consolidated review","Not implemented/tested in this review","P0/P1 by work order","See docs/07-ACCEPTANCE-TESTS.md: AT-14,AT-52","PROPOSED","Discover existing implementation; implement only under accepted dependent decisions and scoped authorization.","D-11","INSPECTED_NOT_FOUND","AUTH-SCHEMA.sql; app/api/auth/route.ts","None","Baseline inspection at DEP-01/DEP-02; no claim this target is deployed. See BASELINE-EVIDENCE-2026-09-21.md.","NOT_VERIFIED: no member/admin transaction, live record read, real-device ceremony or live capacity test.","NOT_IMPLEMENTED","No provider-scoped bootstrap grant table/one-use lifecycle; legacy setup code has different semantics. D-11 open.","3357cad7bfe8e7ae50475718e8542e9fba83933f","2026-09-21","IMPLEMENTED / MOCK-ONLY","lib/identity; IDENTITY-SCHEMA.sql; identity and protocol/HTTP suites; current acceptance CSV.","Real provider, device and administrator rollout checks pending.","PR #17; current release evidence"
"IDN-08","Consolidated identity requirements","Browser/verifier-bound host handoff","Consolidated review","Not implemented/tested in this review","P0/P1 by work order","See docs/07-ACCEPTANCE-TESTS.md: AT-15,AT-16,AT-17,AT-18","PROPOSED","Discover existing implementation; implement only under accepted dependent decisions and scoped authorization.","D-14","INSPECTED_NOT_FOUND","worker.ts; app/api/auth/route.ts; AUTH-SCHEMA.sql","None","Baseline inspection at DEP-01/DEP-02; no claim this target is deployed. See BASELINE-EVIDENCE-2026-09-21.md.","NOT_VERIFIED: no member/admin transaction, live record read, real-device ceremony or live capacity test.","NOT_IMPLEMENTED","No cross-host browser/verifier/audience/purpose-bound handoff protocol. D-14 proposed.","3357cad7bfe8e7ae50475718e8542e9fba83933f","2026-09-21","IMPLEMENTED / MOCK-ONLY","lib/identity; IDENTITY-SCHEMA.sql; identity and protocol/HTTP suites; current acceptance CSV.","Real provider, device and administrator rollout checks pending.","PR #17; current release evidence"
"IDN-09","Consolidated identity requirements","Invitation enrollment including passkey-only","Consolidated review","Not implemented/tested in this review","P0/P1 by work order","See docs/07-ACCEPTANCE-TESTS.md: AT-20,AT-21,AT-22,AT-23,AT-24,AT-25","PROPOSED","Discover existing implementation; implement only under accepted dependent decisions and scoped authorization.","D-08,E-05","INSPECTED_NOT_FOUND","app/api/auth/route.ts; AUTH-SCHEMA.sql","None","Baseline inspection at DEP-01/DEP-02; no claim this target is deployed. See BASELINE-EVIDENCE-2026-09-21.md.","NOT_VERIFIED: no member/admin transaction, live record read, real-device ceremony or live capacity test.","NOT_IMPLEMENTED","Legacy admin setup codes establish passwords; not invite-bound passkey/provider enrollment. D-08/D-14/E-05 open.","3357cad7bfe8e7ae50475718e8542e9fba83933f","2026-09-21","IMPLEMENTED / MOCK-ONLY","lib/identity; IDENTITY-SCHEMA.sql; identity and protocol/HTTP suites; current acceptance CSV.","Real provider, device and administrator rollout checks pending.","PR #17; current release evidence"
"IDN-10","Consolidated identity requirements","Admin identity support workspace","Consolidated review","Not implemented/tested in this review","P0/P1 by work order","See docs/07-ACCEPTANCE-TESTS.md: AT-43,AT-44,AT-47","PROPOSED","Discover existing implementation; implement only under accepted dependent decisions and scoped authorization.","D-06","TESTED","app/pilot.tsx Members UI; app/store/email-changes.tsx; app/api/auth/route.ts","L:pilot,rounds-5-7","DEP-01 main; DEP-02 for guest gear. Build logs match active Worker version IDs and base commit. Feature activation/data not read.","NOT_VERIFIED: no member/admin transaction, live record read, real-device ceremony or live capacity test.","PARTIAL","Member approval/reset/email-change tools exist; no identity method/grant workspace or separate support capability. D-06 open.","3357cad7bfe8e7ae50475718e8542e9fba83933f","2026-09-21","IMPLEMENTED / MOCK-ONLY","lib/identity; IDENTITY-SCHEMA.sql; identity and protocol/HTTP suites; current acceptance CSV.","Real provider, device and administrator rollout checks pending.","PR #17; current release evidence"
"IDN-11","Consolidated identity requirements","Authenticated unmatched review queue","Consolidated review","Not implemented/tested in this review","P0/P1 by work order","See docs/07-ACCEPTANCE-TESTS.md: AT-10,AT-56","PROPOSED","Discover existing implementation; implement only under accepted dependent decisions and scoped authorization.","D-15","INSPECTED_NOT_FOUND","app/api/auth/route.ts; AUTH-SCHEMA.sql","None","Baseline inspection at DEP-01/DEP-02; no claim this target is deployed. See BASELINE-EVIDENCE-2026-09-21.md.","NOT_VERIFIED: no member/admin transaction, live record read, real-device ceremony or live capacity test.","NOT_IMPLEMENTED","Forgot-password queue exists; no validated unknown-provider-subject queue or fresh-login approval retry.","3357cad7bfe8e7ae50475718e8542e9fba83933f","2026-09-21","IMPLEMENTED / MOCK-ONLY","lib/identity; IDENTITY-SCHEMA.sql; identity and protocol/HTTP suites; current acceptance CSV.","Real provider, device and administrator rollout checks pending.","PR #17; current release evidence"
"IDN-12","Consolidated identity requirements","Session provenance and account epochs","Consolidated review","Not implemented/tested in this review","P0/P1 by work order","See docs/07-ACCEPTANCE-TESTS.md: AT-19,AT-46,AT-48","PROPOSED","Discover existing implementation; implement only under accepted dependent decisions and scoped authorization.","D-05","TESTED","lib/auth/session.ts; AUTH-SCHEMA.sql; lib/pilot/core.ts","CI:auth-integration,security","DEP-01 main; DEP-02 for guest gear. Build logs match active Worker version IDs and base commit. Feature activation/data not read.","NOT_VERIFIED: no member/admin transaction, live record read, real-device ceremony or live capacity test.","PARTIAL","Current expiry and transaction session guards exist; no provenance/epoch/audience/last-proof model. D-05/D-10 open.","3357cad7bfe8e7ae50475718e8542e9fba83933f","2026-09-21","IMPLEMENTED / MOCK-ONLY","lib/identity; IDENTITY-SCHEMA.sql; identity and protocol/HTTP suites; current acceptance CSV.","Real provider, device and administrator rollout checks pending.","PR #17; current release evidence"
"IDN-13","Consolidated identity requirements","Credential revoke, block and incident containment","Consolidated review","Not implemented/tested in this review","P0/P1 by work order","See docs/07-ACCEPTANCE-TESTS.md: AT-11,AT-27,AT-37","PROPOSED","Discover existing implementation; implement only under accepted dependent decisions and scoped authorization.","D-06,D-07","TESTED","lib/pilot/service.ts member; app/api/auth/route.ts revoke; app/api/auth/route.ts","L:pilot; CI:auth-integration","DEP-01 main; DEP-02 for guest gear. Build logs match active Worker version IDs and base commit. Feature activation/data not read.","NOT_VERIFIED: no member/admin transaction, live record read, real-device ceremony or live capacity test.","PARTIAL","Account disable/session revoke/password reset exist; no individual federated credential block or derived-grant containment.","3357cad7bfe8e7ae50475718e8542e9fba83933f","2026-09-21","IMPLEMENTED / MOCK-ONLY","lib/identity; IDENTITY-SCHEMA.sql; identity and protocol/HTTP suites; current acceptance CSV.","Real provider, device and administrator rollout checks pending.","PR #17; current release evidence"
"IDN-14","Consolidated identity requirements","Freshness and actual admin MFA proof","Consolidated review","Not implemented/tested in this review","P0/P1 by work order","See docs/07-ACCEPTANCE-TESTS.md: AT-40,AT-41,AT-45","PROPOSED","Discover existing implementation; implement only under accepted dependent decisions and scoped authorization.","D-09,D-10,E-03","TESTED","lib/security/admin-access.ts; app/api/admin/access/route.ts; live Access/MFA config","L:security-preflight; CI:security","DEP-01 main; DEP-02 for guest gear. Build logs match active Worker version IDs and base commit. Feature activation/data not read.","NOT_VERIFIED: no member/admin transaction, live record read, real-device ceremony or live capacity test.","PARTIAL","JWT verification and session Access binding exist; stable issuer/subject capability mapping and 5m action grant absent; actual MFA denial untested.","3357cad7bfe8e7ae50475718e8542e9fba83933f","2026-09-21","IMPLEMENTED / MOCK-ONLY","lib/identity; IDENTITY-SCHEMA.sql; identity and protocol/HTTP suites; current acceptance CSV.","Real provider, device and administrator rollout checks pending.","PR #17; current release evidence"
"IDN-15","Consolidated identity requirements","Non-destructive roster preview/commit","Consolidated review","Not implemented/tested in this review","P0/P1 by work order","See docs/07-ACCEPTANCE-TESTS.md: AT-50,AT-51,AT-52,AT-53,AT-54,AT-55","PROPOSED","Discover existing implementation; implement only under accepted dependent decisions and scoped authorization.","D-11,D-13","INSPECTED_NOT_FOUND","app/pilot.tsx Members UI; lib/pilot/service.ts","None","Baseline inspection at DEP-01/DEP-02; no claim this target is deployed. See BASELINE-EVIDENCE-2026-09-21.md.","NOT_VERIFIED: no member/admin transaction, live record read, real-device ceremony or live capacity test.","NOT_IMPLEMENTED","Single-member CRUD only; no row-versioned non-destructive roster preview/commit or grant import.","3357cad7bfe8e7ae50475718e8542e9fba83933f","2026-09-21","IMPLEMENTED / MOCK-ONLY","lib/identity; IDENTITY-SCHEMA.sql; identity and protocol/HTTP suites; current acceptance CSV.","Real provider, device and administrator rollout checks pending.","PR #17; current release evidence"
"IDN-16","Consolidated identity requirements","WebAuthn exact ceremony origins and opaque handle","Consolidated review","Not implemented/tested in this review","P0/P1 by work order","See docs/07-ACCEPTANCE-TESTS.md: AT-32,AT-33,AT-34,AT-35","PROPOSED","Discover existing implementation; implement only under accepted dependent decisions and scoped authorization.","D-01,E-02","INSPECTED_NOT_FOUND","package.json; app/api/auth/route.ts; AUTH-SCHEMA.sql","None","Baseline inspection at DEP-01/DEP-02; no claim this target is deployed. See BASELINE-EVIDENCE-2026-09-21.md.","NOT_VERIFIED: no member/admin transaction, live record read, real-device ceremony or live capacity test.","NOT_IMPLEMENTED","No maintained WebAuthn verifier, passkey table, opaque handle or exact ceremony origin configuration found.","3357cad7bfe8e7ae50475718e8542e9fba83933f","2026-09-21","IMPLEMENTED / MOCK-ONLY","lib/identity; IDENTITY-SCHEMA.sql; identity and protocol/HTTP suites; current acceptance CSV.","Real provider, device and administrator rollout checks pending.","PR #17; current release evidence"
"IDN-17","Consolidated identity requirements","Owner recovery and trusted invite delivery","Consolidated review","Not implemented/tested in this review","P0/P1 by work order","See docs/07-ACCEPTANCE-TESTS.md: AT-65","UNKNOWN","Discover existing implementation; implement only under accepted dependent decisions and scoped authorization.","E-05,E-06","TESTED","lib/pilot/owner.ts; app/api/auth/route.ts issueRecovery; SECURITY-IMPLEMENTATION.md","CI:auth-integration","DEP-01 main; DEP-02 for guest gear. Build logs match active Worker version IDs and base commit. Feature activation/data not read.","NOT_VERIFIED: no member/admin transaction, live record read, real-device ceremony or live capacity test.","PARTIAL","Last-owner protection/manual recovery attestation exist; named custodian/trusted delivery and drill remain E-05.","3357cad7bfe8e7ae50475718e8542e9fba83933f","2026-09-21","PARTIAL / REAL RECOVERY TESTED","Protected full D1/R2 restore, key retrieval and owner-attested account access completed.","Older identity-revocation restore and app recovery smoke pending.","PR #17; current release evidence"
"IDN-18","Consolidated identity requirements","Protected restore and staged legacy retirement","Consolidated review","Not implemented/tested in this review","P0/P1 by work order","See docs/07-ACCEPTANCE-TESTS.md: AT-31,AT-57,AT-58","PROPOSED","Discover existing implementation; implement only under accepted dependent decisions and scoped authorization.","E-04,E-06,E-09","TESTED","scripts/verify-backup.mjs; SECURITY-IMPLEMENTATION.md; lib/auth/session.ts","L:backup,shop-migration","DEP-01 main; DEP-02 for guest gear. Build logs match active Worker version IDs and base commit. Feature activation/data not read.","NOT_VERIFIED: no member/admin transaction, live record read, real-device ceremony or live capacity test.","PARTIAL","Synthetic recovery only; no revocation-preserving restore or replacement-credential coverage. Legacy methods must remain.","3357cad7bfe8e7ae50475718e8542e9fba83933f","2026-09-21","PARTIAL / REAL RECOVERY TESTED","Protected full D1/R2 restore, key retrieval and owner-attested account access completed.","Older identity-revocation restore and app recovery smoke pending.","PR #17; current release evidence"
"IDN-19","Consolidated identity requirements","Safe duplicate consolidation","Consolidated review","Not implemented/tested in this review","P0/P1 by work order","See docs/07-ACCEPTANCE-TESTS.md: AT-59","PROPOSED","Discover existing implementation; implement only under accepted dependent decisions and scoped authorization.","D-16,E-04","INSPECTED_NOT_FOUND","drizzle/0000_tiny_shape.sql; lib/pilot/service.ts member action","None","Baseline inspection at DEP-01/DEP-02; no claim this target is deployed. See BASELINE-EVIDENCE-2026-09-21.md.","NOT_VERIFIED: no member/admin transaction, live record read, real-device ceremony or live capacity test.","NOT_IMPLEMENTED","Email uniqueness is not safe identity/financial consolidation; duplicate detection/containment and separately scoped merge missing (D-16).","3357cad7bfe8e7ae50475718e8542e9fba83933f","2026-09-21","OUT OF SCOPE","Work order excludes full account/ledger consolidation.","No financial merge implemented.","PR #17; current release evidence"
"IDN-20","Consolidated identity requirements","Privacy retention and bounded abuse records","Consolidated review","Not implemented/tested in this review","P0/P1 by work order","See docs/07-ACCEPTANCE-TESTS.md: AT-10,AT-60,AT-62","PROPOSED","Discover existing implementation; implement only under accepted dependent decisions and scoped authorization.","D-15","TESTED","worker.ts cleanExpiredSecurityRecords; worker.ts scheduled; SECURITY-SCHEMA.sql","CI:security,hardening","DEP-01 main; DEP-02 for guest gear. Build logs match active Worker version IDs and base commit. Feature activation/data not read.","NOT_VERIFIED: no member/admin transaction, live record read, real-device ceremony or live capacity test.","PARTIAL","Bounded expired legacy security cleanup exists; new retention/privacy budgets and unmatched-subject abuse controls absent (D-15).","3357cad7bfe8e7ae50475718e8542e9fba83933f","2026-09-21","IMPLEMENTED / MOCK-ONLY","lib/identity; IDENTITY-SCHEMA.sql; identity and protocol/HTTP suites; current acceptance CSV.","Real provider, device and administrator rollout checks pending.","PR #17; current release evidence"
"IDN-21","Consolidated identity requirements","Member self-service sign out current/all","Consolidated review","Not implemented/tested in this review","P0/P1 by work order","See docs/07-ACCEPTANCE-TESTS.md: AT-46","PROPOSED","Discover existing implementation; implement only under accepted dependent decisions and scoped authorization.","D-05","TESTED","app/api/auth/route.ts logout; app/api/auth/route.ts revoke","CI:auth-integration","DEP-01 main; DEP-02 for guest gear. Build logs match active Worker version IDs and base commit. Feature activation/data not read.","NOT_VERIFIED: no member/admin transaction, live record read, real-device ceremony or live capacity test.","PARTIAL","Member current-session logout and admin session revocation exist; general member sign-out-all with epoch invalidation absent.","3357cad7bfe8e7ae50475718e8542e9fba83933f","2026-09-21","IMPLEMENTED / MOCK-ONLY","lib/identity; IDENTITY-SCHEMA.sql; identity and protocol/HTTP suites; current acceptance CSV.","Real provider, device and administrator rollout checks pending.","PR #17; current release evidence"
"IDN-22","Consolidated identity requirements","No shared authentication cookies or sibling CSRF","Consolidated review","Not implemented/tested in this review","P0/P1 by work order","See docs/07-ACCEPTANCE-TESTS.md: AT-38,AT-39","TECHNICAL-CORRECTION","Discover existing implementation; implement only under accepted dependent decisions and scoped authorization.","D-01","TESTED","lib/auth/session.ts cookie; lib/security/http.ts; lib/guest/common.ts","L:http-security; CI:security,auth-integration","DEP-01 main; DEP-02 for guest gear. Build logs match active Worker version IDs and base commit. Feature activation/data not read.","NOT_VERIFIED: no member/admin transaction, live record read, real-device ceremony or live capacity test.","PARTIAL","Current __Host cookies omit Domain and mutations check exact Origin; no full separate-host CSRF/token browser verification.","3357cad7bfe8e7ae50475718e8542e9fba83933f","2026-09-21","IMPLEMENTED / MOCK-ONLY","lib/identity; IDENTITY-SCHEMA.sql; identity and protocol/HTTP suites; current acceptance CSV.","Real provider, device and administrator rollout checks pending.","PR #17; current release evidence"
